"subid","trial","offer_other","offer_self","RT","dec","emotion","party"
"128","1","4","16","0.777","0","3","2"
"128","2","7","13","1.019","0","3","2"
"128","3","10","10","1.361","0","1","2"
"128","4","2","18","0.766","3","2","2"
"128","5","7","13","0.533","0","3","2"
"128","6","10","10","0.614","0","1","2"
"128","7","2","18","1.362","2","3","2"
"128","8","7","13","0.559","1","2","2"
"128","9","2","18","0.705","0","3","2"
"128","10","4","16","0.504","0","3","2"
"128","11","2","18","0.665","2","3","2"
"128","12","7","13","0.896","0","3","2"
"128","13","2","18","0.548","3","2","2"
"128","14","10","10","0.404","0","1","2"
"128","15","4","16","0.784","0","3","2"
"128","16","10","10","0.545","0","1","2"
"128","17","2","18","0.513","2","3","2"
"128","18","4","16","0.441","1","2","2"
"128","19","4","16","0.730","0","2","2"
"128","20","7","13","1.096","0","2","2"
"128","21","2","18","0.667","2","2","2"
"128","22","10","10","0.464","0","1","2"
"128","23","7","13","0.537","2","2","2"
"128","24","2","18","0.378","3","2","2"
"128","25","7","13","0.639","2","2","2"
"128","26","10","10","0.630","0","1","2"
"128","27","10","10","0.597","0","1","2"
"128","28","4","16","0.456","3","2","2"
"128","29","7","13","0.825","0","2","2"
"128","30","10","10","0.369","0","1","2"
"128","31","4","16","0.583","1","2","2"
"128","32","2","18","0.895","2","3","2"
"128","33","2","18","0.541","2","2","2"
"128","34","4","16","0.496","0","3","2"
"128","35","4","16","0.600","1","2","2"
"128","36","4","16","0.458","1","3","2"
"128","37","7","13","0.989","0","3","2"
"128","38","10","10","0.332","0","1","2"
"128","39","7","13","0.634","0","3","2"
"128","40","10","10","0.538","0","1","2"
"128","1","10","10","0.823","0","1","3"
"128","2","7","13","1.159","0","3","3"
"128","3","4","16","0.721","0","3","3"
"128","4","2","18","0.520","2","2","3"
"128","5","2","18","0.425","1","3","3"
"128","6","10","10","0.537","0","1","3"
"128","7","7","13","0.568","0","2","3"
"128","8","4","16","0.312","1","2","3"
"128","9","4","16","0.586","2","2","3"
"128","10","10","10","0.546","0","1","3"
"128","11","2","18","0.571","2","3","3"
"128","12","4","16","0.482","1","3","3"
"128","13","2","18","0.511","1","3","3"
"128","14","7","13","0.418","0","3","3"
"128","15","2","18","0.763","1","2","3"
"128","16","10","10","0.351","0","1","3"
"128","17","7","13","0.453","0","2","3"
"128","18","4","16","0.541","1","2","3"
"128","19","2","18","1.140","2","2","3"
"128","20","2","18","0.503","0","3","3"
"128","21","10","10","0.644","0","1","3"
"128","22","4","16","1.079","0","3","3"
"128","23","10","10","0.455","0","1","3"
"128","24","10","10","0.444","0","1","3"
"128","25","7","13","0.892","0","2","3"
"128","26","4","16","1.401","3","2","3"
"128","27","7","13","0.832","0","3","3"
"128","28","2","18","0.566","1","3","3"
"128","29","7","13","0.611","0","2","3"
"128","30","7","13","0.542","0","2","3"
"128","31","4","16","1.370","1","2","3"
"128","32","10","10","0.608","0","1","3"
"128","33","2","18","0.626","2","2","3"
"128","34","2","18","0.577","2","2","3"
"128","35","7","13","1.372","0","3","3"
"128","36","10","10","0.408","0","1","3"
"128","37","4","16","0.322","0","3","3"
"128","38","4","16","0.591","0","3","3"
"128","39","10","10","0.831","0","1","3"
"128","40","7","13","0.679","0","3","3"
"128","1","2","18","1.940","1","2","2"
"128","2","2","18","0.420","3","2","2"
"128","3","4","16","0.512","0","3","2"
"128","4","7","13","0.726","0","3","2"
"128","5","2","18","1.208","2","3","2"
"128","6","10","10","0.566","0","1","2"
"128","7","2","18","0.674","2","3","2"
"128","8","7","13","0.530","0","3","2"
"128","9","10","10","0.518","0","1","2"
"128","10","7","13","0.520","0","2","2"
"128","11","10","10","0.400","0","1","2"
"128","12","4","16","0.535","1","3","2"
"128","13","7","13","0.512","0","2","2"
"128","14","10","10","0.577","0","1","2"
"128","15","4","16","0.395","0","2","2"
"128","16","4","16","0.500","2","2","2"
"128","17","2","18","0.705","1","3","2"
"128","18","7","13","0.610","0","3","2"
"128","19","10","10","0.567","0","1","2"
"128","20","4","16","0.744","1","3","2"
"128","21","2","18","0.925","2","3","2"
"128","22","7","13","0.820","0","2","2"
"128","23","10","10","0.408","0","1","2"
"128","24","2","18","1.655","2","2","2"
"128","25","7","13","0.659","0","2","2"
"128","26","2","18","0.487","2","2","2"
"128","27","4","16","1.119","1","2","2"
"128","28","2","18","0.409","1","3","2"
"128","29","10","10","0.356","0","1","2"
"128","30","10","10","0.565","0","1","2"
"128","31","7","13","0.305","0","3","2"
"128","32","4","16","0.630","1","2","2"
"128","33","7","13","0.398","0","2","2"
"128","34","7","13","0.417","0","3","2"
"128","35","4","16","0.305","0","3","2"
"128","36","2","18","1.203","2","2","2"
"128","37","10","10","1.161","0","1","2"
"128","38","4","16","0.775","0","3","2"
"128","39","10","10","0.430","0","1","2"
"128","40","4","16","0.573","1","2","2"
"128","1","7","13","0.545","0","3","3"
"128","2","10","10","0.713","0","1","3"
"128","3","10","10","0.654","0","1","3"
"128","4","7","13","0.378","0","2","3"
"128","5","4","16","0.611","1","3","3"
"128","6","2","18","0.863","3","2","3"
"128","7","4","16","0.561","2","2","3"
"128","8","10","10","0.537","0","1","3"
"128","9","7","13","2.035","1","3","3"
"128","10","2","18","0.816","1","3","3"
"128","11","2","18","0.673","1","3","3"
"128","12","4","16","0.650","2","2","3"
"128","13","2","18","0.415","2","2","3"
"128","14","4","16","0.483","1","3","3"
"128","15","4","16","0.857","1","2","3"
"128","16","2","18","0.463","3","2","3"
"128","17","2","18","0.619","2","3","3"
"128","18","10","10","0.498","0","1","3"
"128","19","7","13","0.515","2","2","3"
"128","20","2","18","0.555","1","3","3"
"128","21","4","16","0.616","2","2","3"
"128","22","7","13","1.936","0","3","3"
"128","23","10","10","0.605","0","1","3"
"128","24","4","16","1.240","2","2","3"
"128","25","7","13","0.528","0","2","3"
"128","26","4","16","0.777","0","3","3"
"128","27","10","10","0.670","0","1","3"
"128","28","2","18","0.710","2","3","3"
"128","29","7","13","0.996","1","2","3"
"128","30","4","16","0.663","1","3","3"
"128","31","10","10","0.341","0","1","3"
"128","32","10","10","0.364","0","1","3"
"128","33","10","10","0.569","0","1","3"
"128","34","2","18","0.585","2","2","3"
"128","35","2","18","0.523","2","2","3"
"128","36","4","16","0.363","0","3","3"
"128","37","7","13","1.448","0","3","3"
"128","38","7","13","0.377","3","2","3"
"128","39","7","13","0.312","0","3","3"
"128","40","10","10","0.299","0","1","3"
"109","1","2","18","0.722","1","2","3"
"109","2","4","16","1.466","2","2","3"
"109","3","4","16","0.934","0","3","3"
"109","4","10","10","0.691","0","1","3"
"109","5","2","18","0.797","0","3","3"
"109","6","7","13","2.235","0","3","3"
"109","7","2","18","1.072","0","3","3"
"109","8","10","10","1.008","0","1","3"
"109","9","7","13","0.595","1","2","3"
"109","10","7","13","0.805","1","2","3"
"109","11","10","10","0.574","0","1","3"
"109","12","4","16","0.804","0","3","3"
"109","13","10","10","0.902","0","1","3"
"109","14","10","10","0.694","0","1","3"
"109","15","4","16","0.993","1","2","3"
"109","16","2","18","1.122","2","2","3"
"109","17","2","18","0.918","0","3","3"
"109","18","7","13","0.607","0","3","3"
"109","19","7","13","1.220","1","2","3"
"109","20","2","18","2.869","2","3","3"
"109","21","4","16","0.674","0","3","3"
"109","22","10","10","0.625","0","1","3"
"109","23","10","10","1.054","0","1","3"
"109","24","4","16","0.596","1","2","3"
"109","25","7","13","0.984","0","3","3"
"109","26","2","18","0.860","2","2","3"
"109","27","4","16","0.628","1","2","3"
"109","28","2","18","0.519","0","3","3"
"109","29","7","13","0.393","1","2","3"
"109","30","10","10","0.490","0","1","3"
"109","31","7","13","0.502","0","3","3"
"109","32","4","16","0.643","1","2","3"
"109","33","7","13","1.227","1","2","3"
"109","34","10","10","2.678","1","1","3"
"109","35","4","16","0.502","0","3","3"
"109","36","2","18","0.512","2","2","3"
"109","37","10","10","0.710","0","1","3"
"109","38","4","16","0.444","0","3","3"
"109","39","7","13","0.556","0","3","3"
"109","40","2","18","0.458","2","2","3"
"109","1","10","10","0.451","0","1","2"
"109","2","7","13","0.788","1","2","2"
"109","3","7","13","0.977","0","2","2"
"109","4","10","10","0.726","0","1","2"
"109","5","4","16","0.430","0","3","2"
"109","6","2","18","0.666","1","2","2"
"109","7","2","18","1.460","1","2","2"
"109","8","7","13","0.652","0","3","2"
"109","9","7","13","0.502","0","3","2"
"109","10","2","18","1.787","0","3","2"
"109","11","2","18","1.620","0","3","2"
"109","12","4","16","0.645","1","2","2"
"109","13","4","16","1.113","1","2","2"
"109","14","4","16","0.511","0","3","2"
"109","15","2","18","0.516","1","2","2"
"109","16","2","18","1.290","1","2","2"
"109","17","2","18","0.493","0","3","2"
"109","18","10","10","0.253","0","1","2"
"109","19","7","13","0.494","0","3","2"
"109","20","4","16","0.446","0","3","2"
"109","21","4","16","0.803","1","2","2"
"109","22","7","13","0.650","0","3","2"
"109","23","10","10","0.695","0","1","2"
"109","24","4","16","1.931","1","2","2"
"109","25","7","13","0.779","0","3","2"
"109","26","2","18","1.564","0","3","2"
"109","27","10","10","1.448","0","1","2"
"109","28","2","18","0.745","0","3","2"
"109","29","10","10","1.231","0","1","2"
"109","30","4","16","0.610","0","3","2"
"109","31","7","13","2.047","0","2","2"
"109","32","10","10","0.510","0","1","2"
"109","33","10","10","0.771","0","1","2"
"109","34","2","18","0.684","0","2","2"
"109","35","4","16","0.549","1","2","2"
"109","36","4","16","0.558","0","3","2"
"109","37","10","10","1.914","0","1","2"
"109","38","10","10","0.435","0","1","2"
"109","39","7","13","0.539","1","2","2"
"109","40","7","13","1.902","1","2","2"
"109","1","4","16","0.872","0","3","3"
"109","2","2","18","1.550","1","2","3"
"109","3","2","18","1.113","0","3","3"
"109","4","2","18","1.203","0","3","3"
"109","5","4","16","0.583","1","2","3"
"109","6","7","13","0.558","1","2","3"
"109","7","10","10","0.425","0","1","3"
"109","8","7","13","0.583","1","2","3"
"109","9","4","16","0.693","0","3","3"
"109","10","10","10","1.492","0","1","3"
"109","11","10","10","0.702","0","1","3"
"109","12","4","16","0.494","1","2","3"
"109","13","10","10","0.629","0","1","3"
"109","14","2","18","0.833","2","2","3"
"109","15","7","13","0.835","0","3","3"
"109","16","7","13","1.596","0","3","3"
"109","17","4","16","1.248","1","2","3"
"109","18","2","18","0.553","0","3","3"
"109","19","2","18","0.881","2","2","3"
"109","20","7","13","0.710","1","2","3"
"109","21","10","10","0.442","0","1","3"
"109","22","2","18","2.000","0","3","3"
"109","23","4","16","0.798","0","3","3"
"109","24","2","18","1.579","1","3","3"
"109","25","7","13","1.439","0","2","3"
"109","26","10","10","2.077","0","1","3"
"109","27","10","10","0.818","0","1","3"
"109","28","4","16","1.728","0","2","3"
"109","29","7","13","1.025","0","3","3"
"109","30","7","13","0.000","0","2","3"
"109","31","10","10","0.490","0","1","3"
"109","32","4","16","2.459","0","3","3"
"109","33","10","10","0.789","0","1","3"
"109","34","4","16","1.176","1","2","3"
"109","35","7","13","1.776","0","3","3"
"109","36","2","18","0.881","1","2","3"
"109","37","2","18","0.000","0","2","3"
"109","38","4","16","0.430","0","3","3"
"109","39","7","13","1.232","0","3","3"
"109","40","10","10","1.037","0","1","3"
"109","1","10","10","0.943","0","1","2"
"109","2","2","18","0.853","1","2","2"
"109","3","7","13","0.741","0","2","2"
"109","4","4","16","0.000","0","3","2"
"109","5","2","18","0.743","0","3","2"
"109","6","2","18","2.130","1","2","2"
"109","7","2","18","0.792","1","3","2"
"109","8","4","16","1.349","0","2","2"
"109","9","7","13","1.321","0","2","2"
"109","10","4","16","0.722","0","3","2"
"109","11","7","13","1.014","0","3","2"
"109","12","2","18","0.000","0","3","2"
"109","13","10","10","1.732","0","1","2"
"109","14","7","13","0.511","0","3","2"
"109","15","4","16","0.711","1","2","2"
"109","16","2","18","0.734","1","2","2"
"109","17","2","18","0.498","1","2","2"
"109","18","10","10","0.000","0","1","2"
"109","19","4","16","0.498","0","3","2"
"109","20","4","16","1.110","0","2","2"
"109","21","10","10","0.584","0","1","2"
"109","22","10","10","2.733","0","1","2"
"109","23","2","18","1.320","0","3","2"
"109","24","7","13","0.944","0","3","2"
"109","25","7","13","0.000","0","3","2"
"109","26","10","10","0.444","0","1","2"
"109","27","2","18","0.830","0","3","2"
"109","28","7","13","0.000","0","3","2"
"109","29","4","16","0.946","0","2","2"
"109","30","4","16","0.000","0","3","2"
"109","31","10","10","0.470","0","1","2"
"109","32","10","10","1.201","0","1","2"
"109","33","7","13","0.494","0","2","2"
"109","34","7","13","1.378","0","2","2"
"109","35","10","10","0.820","0","1","2"
"109","36","2","18","2.288","1","2","2"
"109","37","10","10","0.655","0","1","2"
"109","38","4","16","1.046","0","2","2"
"109","39","4","16","0.442","0","3","2"
"109","40","7","13","0.581","1","2","2"
"113","1","2","18","0.769","2","2","2"
"113","2","2","18","0.370","2","2","2"
"113","3","4","16","0.462","1","3","2"
"113","4","7","13","1.116","0","3","2"
"113","5","2","18","0.646","2","3","2"
"113","6","10","10","0.516","0","1","2"
"113","7","2","18","0.001","2","3","2"
"113","8","7","13","0.640","0","3","2"
"113","9","10","10","0.675","0","1","2"
"113","10","7","13","0.469","0","2","2"
"113","11","10","10","0.382","0","1","2"
"113","12","4","16","0.556","1","3","2"
"113","13","7","13","0.566","0","3","2"
"113","14","10","10","0.983","0","1","2"
"113","15","4","16","0.377","2","2","2"
"113","16","4","16","0.417","2","2","2"
"113","17","2","18","0.455","2","3","2"
"113","18","7","13","0.408","0","3","2"
"113","19","10","10","0.501","0","1","2"
"113","20","4","16","2.198","2","3","2"
"113","21","2","18","0.387","3","3","2"
"113","22","7","13","0.425","0","2","2"
"113","23","10","10","0.517","0","1","2"
"113","24","2","18","0.756","3","2","2"
"113","25","7","13","0.505","0","3","2"
"113","26","2","18","0.508","3","2","2"
"113","27","4","16","0.356","1","2","2"
"113","28","2","18","0.407","2","3","2"
"113","29","10","10","0.689","0","1","2"
"113","30","10","10","0.754","0","1","2"
"113","31","7","13","0.718","0","2","2"
"113","32","4","16","0.515","1","2","2"
"113","33","7","13","1.251","0","2","2"
"113","34","7","13","0.414","0","2","2"
"113","35","4","16","1.662","1","3","2"
"113","36","2","18","0.585","3","2","2"
"113","37","10","10","0.478","0","1","2"
"113","38","4","16","0.557","1","3","2"
"113","39","10","10","0.612","0","1","2"
"113","40","4","16","0.481","1","2","2"
"113","1","7","13","0.472","0","3","3"
"113","2","10","10","0.448","0","1","3"
"113","3","10","10","0.558","0","1","3"
"113","4","7","13","0.378","0","2","3"
"113","5","4","16","0.491","1","3","3"
"113","6","2","18","0.431","2","2","3"
"113","7","4","16","0.488","1","2","3"
"113","8","10","10","0.576","0","1","3"
"113","9","7","13","0.434","0","3","3"
"113","10","2","18","0.559","2","3","3"
"113","11","2","18","0.400","2","3","3"
"113","12","4","16","0.441","1","2","3"
"113","13","2","18","0.398","3","2","3"
"113","14","4","16","0.611","1","3","3"
"113","15","4","16","0.456","1","2","3"
"113","16","2","18","0.750","3","2","3"
"113","17","2","18","0.290","2","3","3"
"113","18","10","10","0.705","0","1","3"
"113","19","7","13","0.450","0","2","3"
"113","20","2","18","0.506","3","3","3"
"113","21","4","16","0.631","1","2","3"
"113","22","7","13","0.439","0","2","3"
"113","23","10","10","0.388","0","1","3"
"113","24","4","16","0.616","1","2","3"
"113","25","7","13","0.511","0","3","3"
"113","26","4","16","0.425","1","3","3"
"113","27","10","10","0.716","0","1","3"
"113","28","2","18","0.613","2","3","3"
"113","29","7","13","0.507","0","3","3"
"113","30","4","16","0.646","1","3","3"
"113","31","10","10","0.572","0","1","3"
"113","32","10","10","0.595","0","1","3"
"113","33","10","10","0.600","0","1","3"
"113","34","2","18","0.456","2","2","3"
"113","35","2","18","0.473","2","2","3"
"113","36","4","16","0.610","1","3","3"
"113","37","7","13","0.582","0","3","3"
"113","38","7","13","0.903","0","2","3"
"113","39","7","13","1.791","0","2","3"
"113","40","10","10","0.330","0","1","3"
"113","1","4","16","0.580","1","3","2"
"113","2","2","18","0.419","2","2","2"
"113","3","2","18","0.350","2","3","2"
"113","4","2","18","0.503","2","3","2"
"113","5","2","18","0.483","3","2","2"
"113","6","10","10","0.442","0","1","2"
"113","7","7","13","0.518","0","3","2"
"113","8","10","10","0.516","0","1","2"
"113","9","4","16","0.442","1","3","2"
"113","10","7","13","0.545","0","3","2"
"113","11","10","10","0.483","0","1","2"
"113","12","4","16","0.427","1","2","2"
"113","13","7","13","0.410","0","3","2"
"113","14","4","16","0.421","1","2","2"
"113","15","7","13","1.296","0","2","2"
"113","16","7","13","0.672","0","2","2"
"113","17","2","18","0.533","2","2","2"
"113","18","2","18","0.598","2","3","2"
"113","19","2","18","0.326","2","2","2"
"113","20","7","13","0.099","0","3","2"
"113","21","10","10","0.719","0","1","2"
"113","22","4","16","0.565","1","3","2"
"113","23","2","18","0.354","2","3","2"
"113","24","2","18","0.584","2","3","2"
"113","25","7","13","0.444","0","3","2"
"113","26","10","10","0.578","0","1","2"
"113","27","10","10","0.535","0","1","2"
"113","28","4","16","0.501","1","2","2"
"113","29","10","10","0.485","0","1","2"
"113","30","10","10","0.420","0","1","2"
"113","31","7","13","0.470","0","2","2"
"113","32","4","16","0.560","1","3","2"
"113","33","10","10","0.530","0","1","2"
"113","34","4","16","0.509","1","2","2"
"113","35","10","10","0.717","0","1","2"
"113","36","2","18","1.637","2","2","2"
"113","37","4","16","0.420","1","2","2"
"113","38","4","16","0.498","1","3","2"
"113","39","7","13","0.468","1","2","2"
"113","40","7","13","0.442","0","2","2"
"113","1","7","13","0.892","0","2","3"
"113","2","2","18","0.442","2","2","3"
"113","3","10","10","0.466","0","1","3"
"113","4","4","16","0.720","2","3","3"
"113","5","2","18","0.676","2","3","3"
"113","6","4","16","0.487","1","2","3"
"113","7","2","18","1.694","2","3","3"
"113","8","4","16","0.850","1","2","3"
"113","9","10","10","0.543","0","1","3"
"113","10","4","16","0.488","1","3","3"
"113","11","7","13","0.444","0","2","3"
"113","12","2","18","0.422","2","3","3"
"113","13","7","13","0.643","0","2","3"
"113","14","10","10","0.356","0","1","3"
"113","15","2","18","1.381","2","2","3"
"113","16","4","16","0.595","1","2","3"
"113","17","2","18","1.543","2","2","3"
"113","18","10","10","0.403","0","1","3"
"113","19","2","18","0.488","2","3","3"
"113","20","4","16","0.596","1","2","3"
"113","21","10","10","0.438","0","1","3"
"113","22","7","13","0.523","0","3","3"
"113","23","4","16","0.438","1","3","3"
"113","24","7","13","0.397","0","2","3"
"113","25","10","10","0.356","0","1","3"
"113","26","10","10","2.185","0","1","3"
"113","27","2","18","0.451","2","3","3"
"113","28","7","13","0.318","0","3","3"
"113","29","4","16","0.503","1","2","3"
"113","30","4","16","0.965","1","3","3"
"113","31","10","10","0.683","0","1","3"
"113","32","7","13","0.422","0","3","3"
"113","33","7","13","0.443","0","3","3"
"113","34","7","13","0.552","0","2","3"
"113","35","10","10","0.522","0","1","3"
"113","36","2","18","1.262","2","2","3"
"113","37","7","13","0.645","0","3","3"
"113","38","2","18","0.499","2","2","3"
"113","39","4","16","0.607","1","3","3"
"113","40","10","10","0.402","0","1","3"
"102","1","4","16","0.525","2","3","3"
"102","2","2","18","0.284","3","2","3"
"102","3","2","18","0.359","3","3","3"
"102","4","2","18","0.393","3","3","3"
"102","5","2","18","0.333","2","2","3"
"102","6","10","10","0.276","0","1","3"
"102","7","7","13","0.239","0","2","3"
"102","8","10","10","0.245","0","1","3"
"102","9","4","16","0.251","2","3","3"
"102","10","7","13","0.259","0","3","3"
"102","11","10","10","0.324","0","1","3"
"102","12","4","16","0.332","2","2","3"
"102","13","7","13","0.275","0","3","3"
"102","14","4","16","0.679","2","2","3"
"102","15","7","13","0.249","0","3","3"
"102","16","7","13","0.305","0","2","3"
"102","17","2","18","0.606","3","2","3"
"102","18","2","18","0.320","3","3","3"
"102","19","2","18","0.319","3","2","3"
"102","20","7","13","0.533","0","2","3"
"102","21","10","10","0.272","0","1","3"
"102","22","4","16","0.327","2","3","3"
"102","23","2","18","0.236","3","3","3"
"102","24","2","18","0.329","3","3","3"
"102","25","7","13","0.277","0","2","3"
"102","26","10","10","0.371","0","1","3"
"102","27","10","10","0.408","0","1","3"
"102","28","4","16","0.734","2","2","3"
"102","29","10","10","0.287","0","1","3"
"102","30","10","10","0.262","0","1","3"
"102","31","7","13","0.264","0","2","3"
"102","32","4","16","0.362","2","3","3"
"102","33","10","10","0.275","0","1","3"
"102","34","4","16","0.454","2","2","3"
"102","35","10","10","0.262","0","1","3"
"102","36","2","18","0.719","3","2","3"
"102","37","4","16","0.494","2","2","3"
"102","38","4","16","0.228","2","3","3"
"102","39","7","13","0.382","0","3","3"
"102","40","7","13","0.588","0","3","3"
"102","1","7","13","0.261","0","2","2"
"102","2","2","18","0.252","3","2","2"
"102","3","10","10","0.748","0","1","2"
"102","4","4","16","0.258","2","3","2"
"102","5","2","18","0.262","2","3","2"
"102","6","4","16","0.272","2","2","2"
"102","7","2","18","0.271","2","3","2"
"102","8","4","16","0.340","2","2","2"
"102","9","10","10","0.409","0","1","2"
"102","10","4","16","0.425","1","3","2"
"102","11","7","13","0.270","0","2","2"
"102","12","2","18","0.663","3","3","2"
"102","13","7","13","0.324","0","3","2"
"102","14","10","10","0.549","0","1","2"
"102","15","2","18","0.775","3","2","2"
"102","16","4","16","0.589","2","2","2"
"102","17","2","18","0.313","3","2","2"
"102","18","10","10","0.420","0","1","2"
"102","19","2","18","0.281","3","3","2"
"102","20","4","16","0.285","2","2","2"
"102","21","10","10","0.319","0","1","2"
"102","22","7","13","0.812","0","2","2"
"102","23","4","16","0.312","1","3","2"
"102","24","7","13","0.479","0","2","2"
"102","25","10","10","0.302","0","1","2"
"102","26","10","10","1.291","0","1","2"
"102","27","2","18","0.725","3","3","2"
"102","28","7","13","0.311","0","3","2"
"102","29","4","16","0.561","1","2","2"
"102","30","4","16","0.790","1","3","2"
"102","31","10","10","0.325","0","1","2"
"102","32","7","13","0.472","0","3","2"
"102","33","7","13","0.389","0","3","2"
"102","34","7","13","1.794","0","3","2"
"102","35","10","10","0.387","0","1","2"
"102","36","2","18","0.824","3","2","2"
"102","37","7","13","0.655","0","2","2"
"102","38","2","18","0.653","3","2","2"
"102","39","4","16","0.265","2","3","2"
"102","40","10","10","0.421","0","1","2"
"102","1","7","13","0.348","0","2","3"
"102","2","4","16","0.392","2","3","3"
"102","3","10","10","0.236","0","1","3"
"102","4","10","10","0.239","0","1","3"
"102","5","2","18","0.685","3","3","3"
"102","6","7","13","0.283","0","2","3"
"102","7","2","18","0.371","3","2","3"
"102","8","7","13","0.311","0","3","3"
"102","9","2","18","0.721","3","3","3"
"102","10","2","18","0.534","3","2","3"
"102","11","4","16","0.320","2","3","3"
"102","12","4","16","0.268","2","2","3"
"102","13","2","18","0.280","3","3","3"
"102","14","4","16","0.275","2","2","3"
"102","15","4","16","0.286","2","3","3"
"102","16","10","10","0.348","0","1","3"
"102","17","7","13","0.259","0","2","3"
"102","18","7","13","0.318","0","3","3"
"102","19","10","10","0.253","0","1","3"
"102","20","2","18","0.321","3","2","3"
"102","21","10","10","0.367","0","1","3"
"102","22","2","18","0.334","3","2","3"
"102","23","7","13","0.379","0","3","3"
"102","24","4","16","0.293","1","2","3"
"102","25","2","18","0.443","3","3","3"
"102","26","10","10","0.346","0","1","3"
"102","27","2","18","0.328","3","3","3"
"102","28","4","16","0.343","1","3","3"
"102","29","7","13","0.248","0","2","3"
"102","30","4","16","1.077","1","3","3"
"102","31","7","13","0.246","0","3","3"
"102","32","10","10","0.477","0","1","3"
"102","33","4","16","0.472","2","2","3"
"102","34","10","10","0.273","0","1","3"
"102","35","2","18","0.298","3","2","3"
"102","36","10","10","0.269","0","1","3"
"102","37","4","16","0.428","2","2","3"
"102","38","10","10","0.645","0","1","3"
"102","39","7","13","0.365","0","3","3"
"102","40","7","13","0.389","0","2","3"
"102","1","7","13","0.249","0","2","2"
"102","2","4","16","0.510","1","3","2"
"102","3","2","18","0.314","3","2","2"
"102","4","10","10","0.339","0","1","2"
"102","5","10","10","0.318","0","1","2"
"102","6","4","16","0.262","2","2","2"
"102","7","2","18","0.317","3","3","2"
"102","8","7","13","0.329","0","3","2"
"102","9","10","10","0.582","0","1","2"
"102","10","2","18","0.253","3","3","2"
"102","11","7","13","0.280","0","2","2"
"102","12","10","10","0.259","0","1","2"
"102","13","10","10","0.267","0","1","2"
"102","14","4","16","0.411","2","3","2"
"102","15","7","13","0.289","0","2","2"
"102","16","4","16","0.305","2","2","2"
"102","17","2","18","0.297","3","3","2"
"102","18","2","18","0.293","3","2","2"
"102","19","4","16","0.328","2","2","2"
"102","20","7","13","0.298","0","3","2"
"102","21","7","13","0.273","0","3","2"
"102","22","2","18","0.352","3","2","2"
"102","23","2","18","0.594","3","3","2"
"102","24","10","10","0.271","0","1","2"
"102","25","10","10","0.337","0","1","2"
"102","26","4","16","0.287","1","3","2"
"102","27","4","16","0.280","2","2","2"
"102","28","10","10","0.325","0","1","2"
"102","29","2","18","0.290","3","3","2"
"102","30","7","13","0.332","0","2","2"
"102","31","4","16","0.336","2","2","2"
"102","32","4","16","0.304","1","3","2"
"102","33","4","16","0.231","1","3","2"
"102","34","7","13","0.289","0","2","2"
"102","35","7","13","0.641","0","3","2"
"102","36","10","10","0.610","0","1","2"
"102","37","2","18","0.550","3","2","2"
"102","38","7","13","0.506","0","3","2"
"102","39","10","10","0.330","0","1","2"
"102","40","2","18","0.713","3","2","2"
"121","1","2","18","0.684","3","2","2"
"121","2","2","18","0.597","3","2","2"
"121","3","4","16","0.305","3","3","2"
"121","4","7","13","0.534","2","3","2"
"121","5","2","18","0.297","3","3","2"
"121","6","10","10","0.879","0","1","2"
"121","7","2","18","0.411","3","3","2"
"121","8","7","13","0.747","2","3","2"
"121","9","10","10","0.685","0","1","2"
"121","10","7","13","0.401","3","2","2"
"121","11","10","10","0.521","0","1","2"
"121","12","4","16","0.639","3","3","2"
"121","13","7","13","0.369","3","2","2"
"121","14","10","10","0.953","0","1","2"
"121","15","4","16","0.628","3","2","2"
"121","16","4","16","0.557","3","2","2"
"121","17","2","18","0.577","3","3","2"
"121","18","7","13","0.442","2","3","2"
"121","19","10","10","1.079","0","1","2"
"121","20","4","16","0.896","3","3","2"
"121","21","2","18","0.405","3","3","2"
"121","22","7","13","0.668","3","2","2"
"121","23","10","10","0.713","0","1","2"
"121","24","2","18","0.559","3","2","2"
"121","25","7","13","0.483","3","2","2"
"121","26","2","18","0.823","3","2","2"
"121","27","4","16","0.639","3","2","2"
"121","28","2","18","0.490","3","3","2"
"121","29","10","10","0.884","0","1","2"
"121","30","10","10","0.877","0","1","2"
"121","31","7","13","0.329","2","3","2"
"121","32","4","16","0.486","3","2","2"
"121","33","7","13","0.358","2","3","2"
"121","34","7","13","0.513","3","2","2"
"121","35","4","16","0.417","3","3","2"
"121","36","2","18","0.363","3","2","2"
"121","37","10","10","1.137","0","1","2"
"121","38","4","16","0.551","3","3","2"
"121","39","10","10","0.582","0","1","2"
"121","40","4","16","1.221","3","2","2"
"121","1","7","13","0.452","2","3","3"
"121","2","10","10","0.877","0","1","3"
"121","3","10","10","0.578","0","1","3"
"121","4","7","13","0.414","3","2","3"
"121","5","4","16","0.831","3","3","3"
"121","6","2","18","0.548","3","2","3"
"121","7","4","16","0.636","3","2","3"
"121","8","10","10","0.701","0","1","3"
"121","9","7","13","0.360","2","3","3"
"121","10","2","18","0.836","3","3","3"
"121","11","2","18","0.469","3","3","3"
"121","12","4","16","0.525","3","2","3"
"121","13","2","18","0.475","3","2","3"
"121","14","4","16","0.391","3","3","3"
"121","15","4","16","0.788","3","2","3"
"121","16","2","18","0.379","3","2","3"
"121","17","2","18","0.422","3","3","3"
"121","18","10","10","0.534","0","1","3"
"121","19","7","13","0.310","3","2","3"
"121","20","2","18","0.471","3","3","3"
"121","21","4","16","0.556","3","2","3"
"121","22","7","13","0.555","2","3","3"
"121","23","10","10","0.552","0","1","3"
"121","24","4","16","0.373","3","2","3"
"121","25","7","13","0.355","3","2","3"
"121","26","4","16","0.493","3","3","3"
"121","27","10","10","0.505","0","1","3"
"121","28","2","18","0.594","3","3","3"
"121","29","7","13","0.591","2","3","3"
"121","30","4","16","0.507","3","3","3"
"121","31","10","10","1.064","0","1","3"
"121","32","10","10","0.927","0","1","3"
"121","33","10","10","0.788","0","1","3"
"121","34","2","18","0.548","3","2","3"
"121","35","2","18","0.702","3","2","3"
"121","36","4","16","0.574","3","3","3"
"121","37","7","13","0.347","3","3","3"
"121","38","7","13","0.380","3","2","3"
"121","39","7","13","1.011","3","2","3"
"121","40","10","10","0.582","0","1","3"
"121","1","4","16","0.427","3","3","2"
"121","2","2","18","0.753","3","2","2"
"121","3","2","18","0.452","3","3","2"
"121","4","2","18","0.446","3","3","2"
"121","5","2","18","0.626","3","2","2"
"121","6","10","10","0.600","0","1","2"
"121","7","7","13","0.364","3","3","2"
"121","8","10","10","0.619","0","1","2"
"121","9","4","16","0.377","3","3","2"
"121","10","7","13","0.359","2","3","2"
"121","11","10","10","0.481","0","1","2"
"121","12","4","16","0.713","3","2","2"
"121","13","7","13","0.672","3","2","2"
"121","14","4","16","1.196","3","2","2"
"121","15","7","13","0.646","3","2","2"
"121","16","7","13","0.726","3","3","2"
"121","17","2","18","0.899","3","2","2"
"121","18","2","18","1.405","3","3","2"
"121","19","2","18","1.141","3","2","2"
"121","20","7","13","0.418","3","2","2"
"121","21","10","10","0.429","0","1","2"
"121","22","4","16","0.836","3","3","2"
"121","23","2","18","0.313","3","3","2"
"121","24","2","18","0.000","0","3","2"
"121","25","7","13","0.378","3","2","2"
"121","26","10","10","0.480","0","1","2"
"121","27","10","10","0.381","0","1","2"
"121","28","4","16","0.387","3","2","2"
"121","29","10","10","0.635","0","1","2"
"121","30","10","10","0.370","0","1","2"
"121","31","7","13","0.340","2","3","2"
"121","32","4","16","0.399","3","3","2"
"121","33","10","10","0.664","0","1","2"
"121","34","4","16","0.843","3","2","2"
"121","35","10","10","0.331","0","1","2"
"121","36","2","18","0.891","3","2","2"
"121","37","4","16","0.874","3","2","2"
"121","38","4","16","0.536","3","3","2"
"121","39","7","13","0.635","3","2","2"
"121","40","7","13","1.288","2","3","2"
"121","1","7","13","0.297","2","2","3"
"121","2","2","18","0.487","3","2","3"
"121","3","10","10","1.135","0","1","3"
"121","4","4","16","0.606","3","3","3"
"121","5","2","18","0.953","3","3","3"
"121","6","4","16","1.508","3","2","3"
"121","7","2","18","0.843","3","3","3"
"121","8","4","16","0.432","3","2","3"
"121","9","10","10","0.644","0","1","3"
"121","10","4","16","0.700","3","3","3"
"121","11","7","13","0.521","2","3","3"
"121","12","2","18","0.707","3","3","3"
"121","13","7","13","0.959","2","3","3"
"121","14","10","10","0.880","0","1","3"
"121","15","2","18","0.642","3","2","3"
"121","16","4","16","0.416","3","2","3"
"121","17","2","18","0.612","3","2","3"
"121","18","10","10","0.823","0","1","3"
"121","19","2","18","0.396","3","3","3"
"121","20","4","16","0.609","3","2","3"
"121","21","10","10","0.635","0","1","3"
"121","22","7","13","0.375","2","2","3"
"121","23","4","16","0.355","3","3","3"
"121","24","7","13","0.353","2","2","3"
"121","25","10","10","0.993","0","1","3"
"121","26","10","10","0.590","0","1","3"
"121","27","2","18","0.592","3","3","3"
"121","28","7","13","0.555","2","3","3"
"121","29","4","16","0.413","3","2","3"
"121","30","4","16","0.362","3","3","3"
"121","31","10","10","1.296","0","1","3"
"121","32","7","13","0.347","2","2","3"
"121","33","7","13","0.601","2","3","3"
"121","34","7","13","0.661","2","2","3"
"121","35","10","10","0.622","0","1","3"
"121","36","2","18","0.474","3","2","3"
"121","37","7","13","0.497","2","3","3"
"121","38","2","18","2.016","3","2","3"
"121","39","4","16","0.908","3","3","3"
"121","40","10","10","0.559","0","1","3"
"115","1","10","10","0.577","0","1","2"
"115","2","4","16","0.31","2","3","2"
"115","3","7","13","0.649","1","2","2"
"115","4","7","13","0.332","2","2","2"
"115","5","2","18","0.522","3","3","2"
"115","6","10","10","0.8","0","1","2"
"115","7","2","18","0.801","3","2","2"
"115","8","10","10","0.524","0","1","2"
"115","9","2","18","0.494","2","3","2"
"115","10","4","16","0","0","2","2"
"115","11","4","16","0.908","2","3","2"
"115","12","4","16","0.537","3","2","2"
"115","13","2","18","0.613","2","3","2"
"115","14","2","18","0.608","3","2","2"
"115","15","2","18","0.699","3","3","2"
"115","16","10","10","0.568","0","1","2"
"115","17","7","13","1.296","1","3","2"
"115","18","7","13","0.555","2","2","2"
"115","19","10","10","0.498","0","1","2"
"115","20","4","16","0.59","3","2","2"
"115","21","7","13","0.492","1","3","2"
"115","22","2","18","0.531","3","2","2"
"115","23","7","13","0.592","2","2","2"
"115","24","4","16","0.642","3","2","2"
"115","25","4","16","0.697","2","3","2"
"115","26","10","10","0.719","0","1","2"
"115","27","2","18","1.197","3","3","2"
"115","28","4","16","0.596","2","3","2"
"115","29","10","10","0.518","0","1","2"
"115","30","4","16","0.586","2","3","2"
"115","31","7","13","0.948","2","2","2"
"115","32","10","10","1.09","0","1","2"
"115","33","4","16","0.525","3","2","2"
"115","34","7","13","0.941","1","3","2"
"115","35","2","18","1.07","3","2","2"
"115","36","10","10","0.554","0","1","2"
"115","37","2","18","1.064","3","2","2"
"115","38","7","13","0.994","1","3","2"
"115","39","7","13","1.537","1","3","2"
"115","40","10","10","1.121","0","1","2"
"115","1","10","10","2.715","0","1","3"
"115","2","4","16","0.553","2","3","3"
"115","3","2","18","1.076","3","2","3"
"115","4","7","13","0.614","2","2","3"
"115","5","7","13","0.904","2","2","3"
"115","6","2","18","0.728","3","2","3"
"115","7","2","18","0.415","3","3","3"
"115","8","10","10","0.939","0","1","3"
"115","9","7","13","1.145","2","2","3"
"115","10","2","18","1.319","2","3","3"
"115","11","7","13","0.914","1","3","3"
"115","12","10","10","1.214","0","1","3"
"115","13","10","10","0.525","0","1","3"
"115","14","4","16","1.517","2","3","3"
"115","15","7","13","2.027","1","3","3"
"115","16","4","16","0.675","3","2","3"
"115","17","2","18","0.603","3","3","3"
"115","18","4","16","0.647","2","2","3"
"115","19","2","18","0.546","3","2","3"
"115","20","10","10","2.364","0","1","3"
"115","21","7","13","1.475","1","3","3"
"115","22","2","18","0.579","3","2","3"
"115","23","4","16","1.34","2","3","3"
"115","24","10","10","1.562","0","1","3"
"115","25","7","13","0.667","2","2","3"
"115","26","2","18","0.569","3","3","3"
"115","27","4","16","0.395","2","2","3"
"115","28","10","10","0.64","0","1","3"
"115","29","2","18","0.819","3","3","3"
"115","30","10","10","1.678","0","1","3"
"115","31","4","16","0.531","3","2","3"
"115","32","4","16","0.826","2","3","3"
"115","33","4","16","0.778","2","3","3"
"115","34","7","13","0.739","1","3","3"
"115","35","7","13","0.571","2","2","3"
"115","36","10","10","0.572","0","1","3"
"115","37","2","18","0","0","2","3"
"115","38","10","10","0.62","0","1","3"
"115","39","7","13","0.429","1","3","3"
"115","40","4","16","0.434","3","2","3"
"115","1","4","16","0.428","2","3","2"
"115","2","10","10","0.461","0","1","2"
"115","3","7","13","0.828","1","3","2"
"115","4","2","18","0.424","3","2","2"
"115","5","10","10","1.311","0","1","2"
"115","6","7","13","0.584","2","2","2"
"115","7","2","18","0.748","3","3","2"
"115","8","10","10","0.696","0","1","2"
"115","9","2","18","0.531","3","3","2"
"115","10","4","16","0.913","2","3","2"
"115","11","2","18","0.835","2","3","2"
"115","12","7","13","0.45","2","2","2"
"115","13","4","16","0.774","3","2","2"
"115","14","10","10","0.678","0","1","2"
"115","15","2","18","2.13","3","3","2"
"115","16","7","13","0.547","1","3","2"
"115","17","4","16","0.483","2","3","2"
"115","18","4","16","0.563","2","2","2"
"115","19","2","18","0.972","3","2","2"
"115","20","10","10","0.459","0","1","2"
"115","21","4","16","0.653","3","2","2"
"115","22","10","10","1.107","0","1","2"
"115","23","7","13","0.611","2","2","2"
"115","24","2","18","1.973","3","2","2"
"115","25","7","13","2.552","2","2","2"
"115","26","10","10","0.56","0","1","2"
"115","27","10","10","1.839","0","1","2"
"115","28","4","16","0.555","3","2","2"
"115","29","7","13","0.379","2","2","2"
"115","30","7","13","1.378","1","3","2"
"115","31","4","16","0.674","3","2","2"
"115","32","2","18","0.178","2","3","2"
"115","33","2","18","1.886","3","2","2"
"115","34","4","16","0.218","2","3","2"
"115","35","2","18","0.426","3","2","2"
"115","36","4","16","2.164","3","3","2"
"115","37","7","13","1.942","2","3","2"
"115","38","10","10","1.278","0","1","2"
"115","39","10","10","0","0","1","2"
"115","40","7","13","0.436","1","3","2"
"115","1","7","13","0.526","1","2","3"
"115","2","10","10","0.807","0","1","3"
"115","3","4","16","0.408","2","3","3"
"115","4","2","18","0.471","3","2","3"
"115","5","2","18","0.481","3","3","3"
"115","6","7","13","0.521","1","3","3"
"115","7","7","13","0.816","1","3","3"
"115","8","2","18","0.456","3","2","3"
"115","9","4","16","0.49","3","2","3"
"115","10","10","10","0.473","0","1","3"
"115","11","2","18","0.37","2","3","3"
"115","12","4","16","0.417","2","3","3"
"115","13","2","18","0.366","3","3","3"
"115","14","10","10","0.505","0","1","3"
"115","15","4","16","0.435","3","2","3"
"115","16","7","13","0.999","1","3","3"
"115","17","10","10","0.356","0","1","3"
"115","18","2","18","0.773","3","2","3"
"115","19","2","18","0","0","2","3"
"115","20","4","16","2.286","2","3","3"
"115","21","10","10","0.491","0","1","3"
"115","22","2","18","0.47","3","3","3"
"115","23","7","13","0.47","2","2","3"
"115","24","10","10","0.923","0","1","3"
"115","25","7","13","0.492","2","2","3"
"115","26","4","16","0.193","3","2","3"
"115","27","10","10","0.392","0","1","3"
"115","28","2","18","0","0","3","3"
"115","29","7","13","1.002","1","3","3"
"115","30","7","13","0.341","1","2","3"
"115","31","4","16","0.249","3","2","3"
"115","32","10","10","0.015","0","1","3"
"115","33","2","18","0.761","3","2","3"
"115","34","4","16","1.272","3","2","3"
"115","35","7","13","1.779","1","3","3"
"115","36","10","10","0.83","0","1","3"
"115","37","4","16","0.672","2","3","3"
"115","38","4","16","0.774","2","3","3"
"115","39","7","13","0.871","1","2","3"
"115","40","10","10","0.462","0","1","3"
"127","1","7","13","1.218","1","3","3"
"127","2","4","16","0.695","2","3","3"
"127","3","10","10","0.642","0","1","3"
"127","4","10","10","0.725","0","1","3"
"127","5","2","18","0.827","2","3","3"
"127","6","7","13","0.545","1","3","3"
"127","7","2","18","0.570","3","2","3"
"127","8","7","13","0.630","1","3","3"
"127","9","2","18","0.568","2","3","3"
"127","10","2","18","0.484","3","2","3"
"127","11","4","16","0.526","2","3","3"
"127","12","4","16","0.490","3","2","3"
"127","13","2","18","0.815","2","3","3"
"127","14","4","16","0.449","3","2","3"
"127","15","4","16","0.508","2","3","3"
"127","16","10","10","0.578","0","1","3"
"127","17","7","13","0.529","2","2","3"
"127","18","7","13","0.581","3","2","3"
"127","19","10","10","0.596","0","1","3"
"127","20","2","18","0.591","3","2","3"
"127","21","10","10","0.581","0","1","3"
"127","22","2","18","0.589","3","2","3"
"127","23","7","13","0.521","3","2","3"
"127","24","4","16","0.531","3","2","3"
"127","25","2","18","0.578","2","3","3"
"127","26","10","10","0.505","0","1","3"
"127","27","2","18","0.846","2","3","3"
"127","28","4","16","0.446","2","3","3"
"127","29","7","13","1.519","1","3","3"
"127","30","4","16","0.531","2","3","3"
"127","31","7","13","0.565","3","2","3"
"127","32","10","10","0.692","0","1","3"
"127","33","4","16","0.814","2","2","3"
"127","34","10","10","0.479","0","1","3"
"127","35","2","18","0.592","3","2","3"
"127","36","10","10","0.531","0","1","3"
"127","37","4","16","1.234","3","2","3"
"127","38","10","10","1.284","0","1","3"
"127","39","7","13","0.899","3","2","3"
"127","40","7","13","0.875","1","3","3"
"127","1","7","13","0.970","3","2","2"
"127","2","4","16","0.695","2","3","2"
"127","3","2","18","0.578","3","2","2"
"127","4","10","10","0.444","0","1","2"
"127","5","10","10","0.591","0","1","2"
"127","6","4","16","0.390","3","2","2"
"127","7","2","18","0.565","3","3","2"
"127","8","7","13","0.617","3","2","2"
"127","9","10","10","0.582","0","1","2"
"127","10","2","18","1.397","3","3","2"
"127","11","7","13","0.504","3","2","2"
"127","12","10","10","0.620","0","1","2"
"127","13","10","10","0.699","0","1","2"
"127","14","4","16","0.523","2","3","2"
"127","15","7","13","0.786","3","2","2"
"127","16","4","16","0.617","3","2","2"
"127","17","2","18","0.386","2","3","2"
"127","18","2","18","0.517","3","2","2"
"127","19","4","16","0.568","3","2","2"
"127","20","7","13","0.546","2","3","2"
"127","21","7","13","0.497","2","3","2"
"127","22","2","18","0.545","3","2","2"
"127","23","2","18","0.434","3","3","2"
"127","24","10","10","0.752","0","1","2"
"127","25","10","10","0.649","0","1","2"
"127","26","4","16","0.518","2","3","2"
"127","27","4","16","0.672","3","2","2"
"127","28","10","10","0.725","0","1","2"
"127","29","2","18","0.417","3","3","2"
"127","30","7","13","0.468","2","3","2"
"127","31","4","16","0.681","3","2","2"
"127","32","4","16","0.865","2","3","2"
"127","33","4","16","0.852","2","3","2"
"127","34","7","13","0.665","2","3","2"
"127","35","7","13","1.337","3","2","2"
"127","36","10","10","0.826","0","1","2"
"127","37","2","18","0.534","3","2","2"
"127","38","7","13","0.546","2","3","2"
"127","39","10","10","0.691","0","1","2"
"127","40","2","18","1.009","3","2","2"
"127","1","4","16","0.636","2","3","3"
"127","2","7","13","0.854","1","3","3"
"127","3","10","10","0.636","0","1","3"
"127","4","2","18","0.553","3","2","3"
"127","5","7","13","0.480","3","2","3"
"127","6","10","10","0.673","0","1","3"
"127","7","2","18","0.613","2","3","3"
"127","8","7","13","0.946","3","2","3"
"127","9","2","18","0.556","0","3","3"
"127","10","4","16","0.626","2","3","3"
"127","11","2","18","0.604","3","3","3"
"127","12","7","13","0.467","2","2","3"
"127","13","2","18","0.519","3","2","3"
"127","14","10","10","0.607","0","1","3"
"127","15","4","16","0.612","1","3","3"
"127","16","10","10","0.668","0","1","3"
"127","17","2","18","0.668","1","3","3"
"127","18","4","16","0.532","3","2","3"
"127","19","4","16","0.677","3","2","3"
"127","20","7","13","0.404","2","2","3"
"127","21","2","18","0.502","3","2","3"
"127","22","10","10","0.620","0","1","3"
"127","23","7","13","0.333","2","2","3"
"127","24","2","18","0.718","3","2","3"
"127","25","7","13","0.498","0","3","3"
"127","26","10","10","0.426","0","1","3"
"127","27","10","10","0.513","0","1","3"
"127","28","4","16","0.572","3","2","3"
"127","29","7","13","0.493","0","3","3"
"127","30","10","10","0.612","0","1","3"
"127","31","4","16","0.611","2","2","3"
"127","32","2","18","0.595","2","3","3"
"127","33","2","18","0.600","3","2","3"
"127","34","4","16","0.036","2","3","3"
"127","35","4","16","0.628","3","2","3"
"127","36","4","16","0.613","0","3","3"
"127","37","7","13","0.536","1","3","3"
"127","38","10","10","0.367","0","1","3"
"127","39","7","13","1.213","0","3","3"
"127","40","10","10","0.790","0","1","3"
"127","1","10","10","0.569","0","1","2"
"127","2","7","13","0.417","2","3","2"
"127","3","4","16","0.651","3","3","2"
"127","4","2","18","0.771","3","2","2"
"127","5","2","18","0.395","3","3","2"
"127","6","10","10","0.612","0","1","2"
"127","7","7","13","0.634","2","2","2"
"127","8","4","16","1.138","3","2","2"
"127","9","4","16","0.876","3","2","2"
"127","10","10","10","0.749","0","1","2"
"127","11","2","18","0.774","3","3","2"
"127","12","4","16","0.468","3","3","2"
"127","13","2","18","0.674","3","3","2"
"127","14","7","13","0.852","3","2","2"
"127","15","2","18","1.182","3","2","2"
"127","16","10","10","1.130","0","1","2"
"127","17","7","13","0.583","3","2","2"
"127","18","4","16","0.576","3","2","2"
"127","19","2","18","0.471","3","2","2"
"127","20","2","18","0.673","3","3","2"
"127","21","10","10","1.152","0","1","2"
"127","22","4","16","0.001","3","3","2"
"127","23","10","10","0.441","0","1","2"
"127","24","10","10","0.831","0","1","2"
"127","25","7","13","0.398","2","3","2"
"127","26","4","16","0.788","3","2","2"
"127","27","7","13","0.595","3","2","2"
"127","28","2","18","0.512","3","3","2"
"127","29","7","13","0.413","3","2","2"
"127","30","7","13","0.793","2","3","2"
"127","31","4","16","0.828","3","2","2"
"127","32","10","10","0.418","0","1","2"
"127","33","2","18","1.485","3","2","2"
"127","34","2","18","0.675","3","2","2"
"127","35","7","13","0.815","2","3","2"
"127","36","10","10","1.330","0","1","2"
"127","37","4","16","0.548","3","3","2"
"127","38","4","16","0.361","3","3","2"
"127","39","10","10","0.746","0","1","2"
"127","40","7","13","0.720","2","3","2"
"122","1","4","16","0.019","2","3","2"
"122","2","2","18","0.442","3","2","2"
"122","3","2","18","1.396","3","3","2"
"122","4","2","18","0.878","3","3","2"
"122","5","4","16","0.658","2","2","2"
"122","6","7","13","0.521","2","3","2"
"122","7","10","10","0.428","0","1","2"
"122","8","7","13","0.363","2","2","2"
"122","9","4","16","1.881","3","3","2"
"122","10","10","10","0.407","0","1","2"
"122","11","10","10","0.353","0","1","2"
"122","12","4","16","0.841","2","2","2"
"122","13","10","10","0.440","0","1","2"
"122","14","2","18","0.628","2","2","2"
"122","15","7","13","0.382","2","3","2"
"122","16","7","13","0.422","2","3","2"
"122","17","4","16","0.963","3","2","2"
"122","18","2","18","0.357","1","3","2"
"122","19","2","18","0.428","1","2","2"
"122","20","7","13","0.826","2","3","2"
"122","21","10","10","0.501","0","1","2"
"122","22","2","18","0.588","1","3","2"
"122","23","4","16","0.417","2","3","2"
"122","24","2","18","0.406","1","3","2"
"122","25","7","13","0.546","1","2","2"
"122","26","10","10","0.536","0","1","2"
"122","27","10","10","0.349","0","1","2"
"122","28","4","16","0.635","2","2","2"
"122","29","7","13","1.523","1","2","2"
"122","30","7","13","0.794","1","2","2"
"122","31","10","10","0.380","0","1","2"
"122","32","4","16","0.734","2","3","2"
"122","33","10","10","0.536","1","1","2"
"122","34","4","16","0.875","2","2","2"
"122","35","7","13","0.579","2","2","2"
"122","36","2","18","1.533","2","2","2"
"122","37","2","18","0.659","1","2","2"
"122","38","4","16","0.897","2","3","2"
"122","39","7","13","2.714","2","3","2"
"122","40","10","10","0.408","0","1","2"
"122","1","10","10","0.398","0","1","3"
"122","2","2","18","0.925","3","2","3"
"122","3","7","13","0.693","1","2","3"
"122","4","4","16","1.771","3","3","3"
"122","5","2","18","0.311","3","3","3"
"122","6","2","18","0.402","3","2","3"
"122","7","2","18","0.441","3","3","3"
"122","8","4","16","1.165","3","2","3"
"122","9","7","13","0.554","2","3","3"
"122","10","4","16","0.794","3","3","3"
"122","11","7","13","0.495","2","3","3"
"122","12","2","18","0.424","3","3","3"
"122","13","10","10","0.892","0","1","3"
"122","14","7","13","1.030","2","3","3"
"122","15","4","16","0.584","3","2","3"
"122","16","2","18","0.429","3","2","3"
"122","17","2","18","0.482","3","2","3"
"122","18","10","10","0.453","0","1","3"
"122","19","4","16","0.482","3","3","3"
"122","20","4","16","0.454","3","2","3"
"122","21","10","10","0.448","0","1","3"
"122","22","10","10","0.093","0","1","3"
"122","23","2","18","0.056","3","3","3"
"122","24","7","13","0.839","2","2","3"
"122","25","7","13","0.495","2","3","3"
"122","26","10","10","0.492","0","1","3"
"122","27","2","18","0.373","3","3","3"
"122","28","7","13","0.440","2","3","3"
"122","29","4","16","2.122","2","2","3"
"122","30","4","16","0.887","3","3","3"
"122","31","10","10","0.469","0","1","3"
"122","32","10","10","0.649","0","1","3"
"122","33","7","13","1.030","2","2","3"
"122","34","7","13","1.050","2","2","3"
"122","35","10","10","0.388","0","1","3"
"122","36","2","18","0.464","3","2","3"
"122","37","10","10","0.663","0","1","3"
"122","38","4","16","0.501","3","2","3"
"122","39","4","16","0.578","3","3","3"
"122","40","7","13","0.589","2","2","3"
"122","1","10","10","0.427","0","1","2"
"122","2","4","16","1.632","3","3","2"
"122","3","7","13","0.427","2","3","2"
"122","4","7","13","1.214","2","2","2"
"122","5","2","18","0.363","3","3","2"
"122","6","10","10","0.522","0","1","2"
"122","7","2","18","0.514","3","2","2"
"122","8","10","10","0.702","0","1","2"
"122","9","2","18","0.544","3","3","2"
"122","10","4","16","2.196","3","2","2"
"122","11","4","16","1.534","3","3","2"
"122","12","4","16","0.698","3","2","2"
"122","13","2","18","0.711","3","3","2"
"122","14","2","18","0.185","3","2","2"
"122","15","2","18","0.516","3","3","2"
"122","16","10","10","0.122","0","1","2"
"122","17","7","13","0.586","2","2","2"
"122","18","7","13","0.598","2","2","2"
"122","19","10","10","0.716","0","1","2"
"122","20","4","16","0.424","3","2","2"
"122","21","7","13","0.885","2","2","2"
"122","22","2","18","0.525","3","2","2"
"122","23","7","13","0.506","2","3","2"
"122","24","4","16","1.004","3","2","2"
"122","25","4","16","1.466","3","3","2"
"122","26","10","10","0.481","0","1","2"
"122","27","2","18","0.606","3","3","2"
"122","28","4","16","0.830","2","3","2"
"122","29","10","10","0.655","0","1","2"
"122","30","4","16","1.011","3","3","2"
"122","31","7","13","0.421","2","3","2"
"122","32","10","10","0.564","0","1","2"
"122","33","4","16","0.766","3","2","2"
"122","34","7","13","0.391","2","2","2"
"122","35","2","18","1.024","3","2","2"
"122","36","10","10","0.363","0","1","2"
"122","37","2","18","1.154","3","2","2"
"122","38","7","13","0.443","2","3","2"
"122","39","7","13","1.451","2","3","2"
"122","40","10","10","0.000","0","1","2"
"122","1","10","10","0.395","0","1","3"
"122","2","4","16","2.065","3","3","3"
"122","3","2","18","0.388","3","2","3"
"122","4","7","13","0.694","2","3","3"
"122","5","7","13","0.496","2","3","3"
"122","6","2","18","0.368","3","2","3"
"122","7","2","18","0.463","3","3","3"
"122","8","10","10","0.740","0","1","3"
"122","9","7","13","0.000","0","3","3"
"122","10","2","18","0.527","3","3","3"
"122","11","7","13","0.426","2","2","3"
"122","12","10","10","0.000","0","1","3"
"122","13","10","10","0.397","0","1","3"
"122","14","4","16","0.397","3","3","3"
"122","15","7","13","0.364","2","2","3"
"122","16","4","16","0.388","3","2","3"
"122","17","2","18","0.611","3","3","3"
"122","18","4","16","0.495","3","2","3"
"122","19","2","18","0.434","3","2","3"
"122","20","10","10","0.652","0","1","3"
"122","21","7","13","0.379","2","3","3"
"122","22","2","18","0.563","3","2","3"
"122","23","4","16","0.380","3","3","3"
"122","24","10","10","0.506","0","1","3"
"122","25","7","13","0.419","2","2","3"
"122","26","2","18","0.632","3","3","3"
"122","27","4","16","1.011","3","2","3"
"122","28","10","10","1.463","0","1","3"
"122","29","2","18","0.435","3","3","3"
"122","30","10","10","0.446","0","1","3"
"122","31","4","16","0.435","3","2","3"
"122","32","4","16","0.427","3","3","3"
"122","33","4","16","0.849","3","3","3"
"122","34","7","13","0.619","2","3","3"
"122","35","7","13","0.467","2","2","3"
"122","36","10","10","0.596","0","1","3"
"122","37","2","18","1.039","3","2","3"
"122","38","10","10","0.540","0","1","3"
"122","39","7","13","0.413","2","2","3"
"122","40","4","16","0.466","3","2","3"
"130","1","4","16","1.848","2","3","2"
"130","2","2","18","0.678","3","2","2"
"130","3","2","18","1.073","3","3","2"
"130","4","2","18","1.051","3","3","2"
"130","5","4","16","2.847","2","2","2"
"130","6","7","13","1.350","1","3","2"
"130","7","10","10","0.833","0","1","2"
"130","8","7","13","1.848","1","2","2"
"130","9","4","16","1.806","2","3","2"
"130","10","10","10","1.197","0","1","2"
"130","11","10","10","1.334","0","1","2"
"130","12","4","16","2.486","3","2","2"
"130","13","10","10","0.446","0","1","2"
"130","14","2","18","0.354","3","2","2"
"130","15","7","13","0.820","1","3","2"
"130","16","7","13","1.044","1","3","2"
"130","17","4","16","0.777","2","2","2"
"130","18","2","18","0.954","3","3","2"
"130","19","2","18","0.826","3","2","2"
"130","20","7","13","1.223","1","3","2"
"130","21","10","10","0.803","0","1","2"
"130","22","2","18","0.785","3","3","2"
"130","23","4","16","1.206","2","3","2"
"130","24","2","18","2.955","3","3","2"
"130","25","7","13","0.400","1","2","2"
"130","26","10","10","0.630","0","1","2"
"130","27","10","10","1.155","0","1","2"
"130","28","4","16","1.177","2","2","2"
"130","29","7","13","0.818","1","2","2"
"130","30","7","13","0.912","1","2","2"
"130","31","10","10","1.754","0","1","2"
"130","32","4","16","1.893","2","3","2"
"130","33","10","10","1.014","0","1","2"
"130","34","4","16","0.905","2","2","2"
"130","35","7","13","0.681","1","2","2"
"130","36","2","18","0.786","3","2","2"
"130","37","2","18","0.625","3","2","2"
"130","38","4","16","0.910","2","3","2"
"130","39","7","13","0.961","1","3","2"
"130","40","10","10","0.662","0","1","2"
"130","1","10","10","0.418","0","1","3"
"130","2","2","18","0.720","2","2","3"
"130","3","7","13","2.161","0","3","3"
"130","4","4","16","0.951","1","3","3"
"130","5","2","18","2.371","2","3","3"
"130","6","2","18","1.389","3","2","3"
"130","7","2","18","1.836","2","3","3"
"130","8","4","16","1.096","2","2","3"
"130","9","7","13","2.814","0","3","3"
"130","10","4","16","2.965","1","3","3"
"130","11","7","13","0.554","0","3","3"
"130","12","2","18","1.068","2","3","3"
"130","13","10","10","0.513","0","1","3"
"130","14","7","13","2.354","1","3","3"
"130","15","4","16","0.739","2","2","3"
"130","16","2","18","2.122","2","2","3"
"130","17","2","18","2.070","3","2","3"
"130","18","10","10","1.049","0","1","3"
"130","19","4","16","0.806","1","3","3"
"130","20","4","16","0.000","0","2","3"
"130","21","10","10","0.300","0","1","3"
"130","22","10","10","0.601","0","1","3"
"130","23","2","18","0.388","2","3","3"
"130","24","7","13","0.531","0","3","3"
"130","25","7","13","0.579","1","2","3"
"130","26","10","10","0.432","0","1","3"
"130","27","2","18","0.538","2","3","3"
"130","28","7","13","1.420","1","2","3"
"130","29","4","16","1.630","1","2","3"
"130","30","4","16","0.643","1","3","3"
"130","31","10","10","0.545","0","1","3"
"130","32","10","10","0.693","0","1","3"
"130","33","7","13","1.066","0","2","3"
"130","34","7","13","1.095","0","2","3"
"130","35","10","10","0.657","0","1","3"
"130","36","2","18","0.677","2","2","3"
"130","37","10","10","0.836","0","1","3"
"130","38","4","16","1.298","1","2","3"
"130","39","4","16","0.670","2","3","3"
"130","40","7","13","1.145","0","2","3"
"130","1","10","10","0.986","0","1","2"
"130","2","4","16","1.695","2","3","2"
"130","3","7","13","1.866","1","3","2"
"130","4","7","13","1.237","0","3","2"
"130","5","2","18","0.443","3","3","2"
"130","6","10","10","0.353","0","1","2"
"130","7","2","18","0.626","3","2","2"
"130","8","10","10","0.446","0","1","2"
"130","9","2","18","0.687","3","3","2"
"130","10","4","16","0.000","0","2","2"
"130","11","4","16","0.829","2","3","2"
"130","12","4","16","0.610","3","2","2"
"130","13","2","18","0.911","3","3","2"
"130","14","2","18","1.001","3","2","2"
"130","15","2","18","0.396","2","3","2"
"130","16","10","10","0.650","0","1","2"
"130","17","7","13","1.113","0","2","2"
"130","18","7","13","0.621","0","3","2"
"130","19","10","10","0.683","0","1","2"
"130","20","4","16","0.575","2","2","2"
"130","21","7","13","1.021","1","2","2"
"130","22","2","18","0.404","3","2","2"
"130","23","7","13","0.673","0","2","2"
"130","24","4","16","0.707","2","2","2"
"130","25","4","16","0.770","1","3","2"
"130","26","10","10","0.649","0","1","2"
"130","27","2","18","0.646","3","3","2"
"130","28","4","16","1.229","1","3","2"
"130","29","10","10","0.399","0","1","2"
"130","30","4","16","1.075","1","3","2"
"130","31","7","13","1.796","1","2","2"
"130","32","10","10","0.524","0","1","2"
"130","33","4","16","0.758","2","2","2"
"130","34","7","13","1.047","1","3","2"
"130","35","2","18","0.664","3","2","2"
"130","36","10","10","0.643","0","1","2"
"130","37","2","18","0.530","3","2","2"
"130","38","7","13","0.763","0","3","2"
"130","39","7","13","0.859","1","2","2"
"130","40","10","10","0.547","0","1","2"
"130","1","10","10","0.610","0","1","3"
"130","2","4","16","0.376","1","3","3"
"130","3","2","18","0.571","2","2","3"
"130","4","7","13","0.757","0","3","3"
"130","5","7","13","0.831","0","3","3"
"130","6","2","18","1.183","3","2","3"
"130","7","2","18","0.406","2","3","3"
"130","8","10","10","0.363","0","1","3"
"130","9","7","13","0.648","0","2","3"
"130","10","2","18","0.510","2","3","3"
"130","11","7","13","0.673","0","3","3"
"130","12","10","10","0.589","0","1","3"
"130","13","10","10","0.597","0","1","3"
"130","14","4","16","1.509","1","3","3"
"130","15","7","13","0.675","0","2","3"
"130","16","4","16","1.810","2","2","3"
"130","17","2","18","1.514","1","3","3"
"130","18","4","16","0.967","2","2","3"
"130","19","2","18","0.921","3","2","3"
"130","20","10","10","0.532","0","1","3"
"130","21","7","13","0.771","0","2","3"
"130","22","2","18","0.378","2","2","3"
"130","23","4","16","0.539","1","3","3"
"130","24","10","10","0.378","0","1","3"
"130","25","7","13","1.355","1","3","3"
"130","26","2","18","0.376","2","3","3"
"130","27","4","16","0.874","2","2","3"
"130","28","10","10","0.431","0","1","3"
"130","29","2","18","0.531","1","3","3"
"130","30","10","10","0.461","0","1","3"
"130","31","4","16","0.898","1","2","3"
"130","32","4","16","1.770","2","3","3"
"130","33","4","16","1.456","1","3","3"
"130","34","7","13","0.626","0","2","3"
"130","35","7","13","0.835","0","2","3"
"130","36","10","10","0.396","0","1","3"
"130","37","2","18","0.335","2","2","3"
"130","38","10","10","0.467","0","1","3"
"130","39","7","13","0.468","0","3","3"
"130","40","4","16","0.786","2","2","3"
"106","1","4","16","0.603","3","3","2"
"106","2","2","18","0.905","3","2","2"
"106","3","2","18","1.507","3","3","2"
"106","4","2","18","0.614","3","3","2"
"106","5","4","16","0.442","3","2","2"
"106","6","7","13","0.433","2","3","2"
"106","7","10","10","0.412","0","1","2"
"106","8","7","13","0.554","2","2","2"
"106","9","4","16","0.593","3","3","2"
"106","10","10","10","0.471","0","1","2"
"106","11","10","10","0.864","0","1","2"
"106","12","4","16","0.409","3","2","2"
"106","13","10","10","0.400","0","1","2"
"106","14","2","18","0.475","3","2","2"
"106","15","7","13","0.614","2","2","2"
"106","16","7","13","0.534","2","2","2"
"106","17","4","16","0.467","3","2","2"
"106","18","2","18","0.589","3","3","2"
"106","19","2","18","0.733","3","2","2"
"106","20","7","13","0.386","2","2","2"
"106","21","10","10","0.389","0","1","2"
"106","22","2","18","1.492","3","3","2"
"106","23","4","16","1.425","3","3","2"
"106","24","2","18","0.518","3","3","2"
"106","25","7","13","1.274","2","3","2"
"106","26","10","10","0.712","0","1","2"
"106","27","10","10","1.133","0","1","2"
"106","28","4","16","0.563","3","2","2"
"106","29","7","13","0.699","2","3","2"
"106","30","7","13","0.474","2","3","2"
"106","31","10","10","0.477","0","1","2"
"106","32","4","16","1.463","3","3","2"
"106","33","10","10","0.832","0","1","2"
"106","34","4","16","0.667","3","2","2"
"106","35","7","13","0.707","2","3","2"
"106","36","2","18","2.412","3","2","2"
"106","37","2","18","0.491","3","2","2"
"106","38","4","16","1.033","3","3","2"
"106","39","7","13","0.435","3","2","2"
"106","40","10","10","0.544","0","1","2"
"106","1","10","10","0.767","0","1","3"
"106","2","2","18","1.781","3","2","3"
"106","3","7","13","0.622","2","3","3"
"106","4","4","16","0.444","3","3","3"
"106","5","2","18","0.720","3","3","3"
"106","6","2","18","0.474","3","2","3"
"106","7","2","18","2.032","3","3","3"
"106","8","4","16","0.717","3","2","3"
"106","9","7","13","0.514","2","2","3"
"106","10","4","16","0.978","3","3","3"
"106","11","7","13","0.535","2","3","3"
"106","12","2","18","0.673","3","3","3"
"106","13","10","10","0.670","0","1","3"
"106","14","7","13","0.439","3","2","3"
"106","15","4","16","0.608","3","2","3"
"106","16","2","18","0.766","3","2","3"
"106","17","2","18","0.707","3","2","3"
"106","18","10","10","0.766","0","1","3"
"106","19","4","16","1.178","3","3","3"
"106","20","4","16","0.791","3","2","3"
"106","21","10","10","0.521","0","1","3"
"106","22","10","10","0.974","0","1","3"
"106","23","2","18","0.689","3","3","3"
"106","24","7","13","0.952","2","3","3"
"106","25","7","13","1.616","2","3","3"
"106","26","10","10","0.549","0","1","3"
"106","27","2","18","0.758","3","3","3"
"106","28","7","13","0.657","2","2","3"
"106","29","4","16","0.443","3","2","3"
"106","30","4","16","1.008","3","3","3"
"106","31","10","10","1.094","0","1","3"
"106","32","10","10","0.921","0","1","3"
"106","33","7","13","0.543","2","3","3"
"106","34","7","13","1.212","2","2","3"
"106","35","10","10","0.548","0","1","3"
"106","36","2","18","0.937","3","2","3"
"106","37","10","10","0.568","0","1","3"
"106","38","4","16","0.606","3","2","3"
"106","39","4","16","0.523","3","3","3"
"106","40","7","13","1.174","3","2","3"
"106","1","10","10","0.748","0","1","2"
"106","2","4","16","0.568","3","3","2"
"106","3","7","13","0.595","3","2","2"
"106","4","7","13","0.487","2","2","2"
"106","5","2","18","0.620","3","3","2"
"106","6","10","10","0.699","0","1","2"
"106","7","2","18","0.595","3","2","2"
"106","8","10","10","0.679","0","1","2"
"106","9","2","18","0.513","3","3","2"
"106","10","4","16","1.348","3","2","2"
"106","11","4","16","1.046","3","3","2"
"106","12","4","16","1.595","2","2","2"
"106","13","2","18","0.480","3","3","2"
"106","14","2","18","0.586","3","2","2"
"106","15","2","18","0.669","3","3","2"
"106","16","10","10","0.451","0","1","2"
"106","17","7","13","0.451","2","3","2"
"106","18","7","13","1.166","2","3","2"
"106","19","10","10","1.276","1","1","2"
"106","20","4","16","0.512","3","2","2"
"106","21","7","13","0.471","3","2","2"
"106","22","2","18","0.430","3","2","2"
"106","23","7","13","0.515","2","2","2"
"106","24","4","16","0.428","3","2","2"
"106","25","4","16","1.707","3","3","2"
"106","26","10","10","0.650","0","1","2"
"106","27","2","18","0.607","3","3","2"
"106","28","4","16","1.183","2","3","2"
"106","29","10","10","0.504","0","1","2"
"106","30","4","16","0.773","3","3","2"
"106","31","7","13","1.126","2","3","2"
"106","32","10","10","0.445","0","1","2"
"106","33","4","16","0.607","3","2","2"
"106","34","7","13","1.328","3","2","2"
"106","35","2","18","0.000","0","2","2"
"106","36","10","10","0.428","0","1","2"
"106","37","2","18","0.779","3","2","2"
"106","38","7","13","0.436","2","3","2"
"106","39","7","13","0.484","2","3","2"
"106","40","10","10","0.556","0","1","2"
"106","1","10","10","0.641","0","1","3"
"106","2","4","16","1.438","3","3","3"
"106","3","2","18","0.793","3","2","3"
"106","4","7","13","0.482","2","2","3"
"106","5","7","13","0.389","2","3","3"
"106","6","2","18","1.453","3","2","3"
"106","7","2","18","0.892","3","3","3"
"106","8","10","10","0.520","0","1","3"
"106","9","7","13","0.446","2","3","3"
"106","10","2","18","1.404","3","3","3"
"106","11","7","13","0.927","2","3","3"
"106","12","10","10","2.795","0","1","3"
"106","13","10","10","0.659","0","1","3"
"106","14","4","16","0.538","3","3","3"
"106","15","7","13","2.033","2","2","3"
"106","16","4","16","0.616","3","2","3"
"106","17","2","18","0.896","3","3","3"
"106","18","4","16","0.780","3","2","3"
"106","19","2","18","0.727","3","2","3"
"106","20","10","10","0.385","0","1","3"
"106","21","7","13","0.632","2","3","3"
"106","22","2","18","0.432","3","2","3"
"106","23","4","16","0.529","3","3","3"
"106","24","10","10","0.319","0","1","3"
"106","25","7","13","0.680","2","2","3"
"106","26","2","18","1.621","2","3","3"
"106","27","4","16","1.472","3","2","3"
"106","28","10","10","0.524","0","1","3"
"106","29","2","18","0.600","3","3","3"
"106","30","10","10","0.379","0","1","3"
"106","31","4","16","0.720","3","2","3"
"106","32","4","16","1.416","3","3","3"
"106","33","4","16","0.702","3","3","3"
"106","34","7","13","0.536","2","2","3"
"106","35","7","13","0.560","2","3","3"
"106","36","10","10","0.473","0","1","3"
"106","37","2","18","0.476","3","2","3"
"106","38","10","10","0.449","0","1","3"
"106","39","7","13","0.562","2","2","3"
"106","40","4","16","1.455","3","2","3"
"103","1","7","13","0.717","3","2","3"
"103","2","4","16","0.673","2","3","3"
"103","3","10","10","0.652","0","1","3"
"103","4","10","10","0.584","0","1","3"
"103","5","2","18","0.558","3","3","3"
"103","6","7","13","0.5","2","3","3"
"103","7","2","18","0.572","3","2","3"
"103","8","7","13","0.568","3","2","3"
"103","9","2","18","0.594","2","3","3"
"103","10","2","18","0.646","3","2","3"
"103","11","4","16","0.576","2","3","3"
"103","12","4","16","0.532","3","2","3"
"103","13","2","18","0.569","3","3","3"
"103","14","4","16","0.7","3","2","3"
"103","15","4","16","0.639","3","3","3"
"103","16","10","10","0.797","0","1","3"
"103","17","7","13","0.62","1","3","3"
"103","18","7","13","0.679","1","3","3"
"103","19","10","10","0.574","0","1","3"
"103","20","2","18","0.546","3","2","3"
"103","21","10","10","0.656","0","1","3"
"103","22","2","18","1.096","3","2","3"
"103","23","7","13","0.556","3","2","3"
"103","24","4","16","0.47","3","2","3"
"103","25","2","18","0.596","2","3","3"
"103","26","10","10","0.579","0","1","3"
"103","27","2","18","0.536","3","3","3"
"103","28","4","16","0.737","2","3","3"
"103","29","7","13","0.601","3","2","3"
"103","30","4","16","0.606","2","3","3"
"103","31","7","13","0.496","3","2","3"
"103","32","10","10","0.423","0","1","3"
"103","33","4","16","0.649","3","2","3"
"103","34","10","10","0.73","0","1","3"
"103","35","2","18","0.474","3","2","3"
"103","36","10","10","0.615","0","1","3"
"103","37","4","16","0.317","3","2","3"
"103","38","10","10","0.535","0","1","3"
"103","39","7","13","0.461","1","3","3"
"103","40","7","13","0.638","1","3","3"
"103","1","7","13","0.782","1","3","2"
"103","2","4","16","0.771","2","3","2"
"103","3","2","18","0.718","3","2","2"
"103","4","10","10","0.559","0","1","2"
"103","5","10","10","0.667","0","1","2"
"103","6","4","16","0.49","3","2","2"
"103","7","2","18","0.522","2","3","2"
"103","8","7","13","0.557","3","2","2"
"103","9","10","10","0.555","0","1","2"
"103","10","2","18","0.473","3","3","2"
"103","11","7","13","0.588","1","3","2"
"103","12","10","10","0.48","0","1","2"
"103","13","10","10","0.576","0","1","2"
"103","14","4","16","1.04","2","3","2"
"103","15","7","13","0.438","3","3","2"
"103","16","4","16","0.342","3","2","2"
"103","17","2","18","0.254","3","3","2"
"103","18","2","18","0.665","3","2","2"
"103","19","4","16","0.556","3","2","2"
"103","20","7","13","0.495","3","2","2"
"103","21","7","13","0.525","3","2","2"
"103","22","2","18","0.541","3","2","2"
"103","23","2","18","0.39","2","3","2"
"103","24","10","10","0.388","0","1","2"
"103","25","10","10","0.573","0","1","2"
"103","26","4","16","0.427","3","3","2"
"103","27","4","16","0.485","3","2","2"
"103","28","10","10","0.722","0","1","2"
"103","29","2","18","0.509","2","3","2"
"103","30","7","13","0.544","3","2","2"
"103","31","4","16","0.461","3","2","2"
"103","32","4","16","0.9","3","3","2"
"103","33","4","16","0.708","3","3","2"
"103","34","7","13","0.405","3","3","2"
"103","35","7","13","1.197","1","3","2"
"103","36","10","10","0.702","0","1","2"
"103","37","2","18","0.538","3","2","2"
"103","38","7","13","0.342","3","2","2"
"103","39","10","10","0.623","0","1","2"
"103","40","2","18","0.373","3","2","2"
"103","1","4","16","0.653","3","3","3"
"103","2","7","13","0.414","3","3","3"
"103","3","10","10","0.636","0","1","3"
"103","4","2","18","0.441","3","2","3"
"103","5","7","13","0.744","2","3","3"
"103","6","10","10","0.721","0","1","3"
"103","7","2","18","1.021","3","3","3"
"103","8","7","13","0.49","3","2","3"
"103","9","2","18","0.604","3","3","3"
"103","10","4","16","0.482","3","3","3"
"103","11","2","18","0.42","3","3","3"
"103","12","7","13","0.931","3","2","3"
"103","13","2","18","0.767","3","2","3"
"103","14","10","10","0.598","0","1","3"
"103","15","4","16","0.66","3","3","3"
"103","16","10","10","0.516","0","1","3"
"103","17","2","18","0.532","3","3","3"
"103","18","4","16","0.868","3","2","3"
"103","19","4","16","0.589","3","2","3"
"103","20","7","13","0.476","3","2","3"
"103","21","2","18","0.766","3","2","3"
"103","22","10","10","0.396","0","1","3"
"103","23","7","13","0.501","1","3","3"
"103","24","2","18","1.022","3","2","3"
"103","25","7","13","0.602","2","3","3"
"103","26","10","10","0.713","0","1","3"
"103","27","10","10","0.833","0","1","3"
"103","28","4","16","0.668","3","2","3"
"103","29","7","13","0.828","3","2","3"
"103","30","10","10","0.516","0","1","3"
"103","31","4","16","0.611","2","2","3"
"103","32","2","18","0.874","3","3","3"
"103","33","2","18","0.688","3","2","3"
"103","34","4","16","0.979","3","3","3"
"103","35","4","16","0.435","3","2","3"
"103","36","4","16","0.685","3","3","3"
"103","37","7","13","0.384","2","3","3"
"103","38","10","10","0.431","0","1","3"
"103","39","7","13","0.573","3","2","3"
"103","40","10","10","0.382","0","1","3"
"103","1","10","10","0.561","0","1","2"
"103","2","7","13","0.329","3","3","2"
"103","3","4","16","0.667","3","3","2"
"103","4","2","18","0.65","3","2","2"
"103","5","2","18","0.499","2","3","2"
"103","6","10","10","0.571","0","1","2"
"103","7","7","13","0.434","3","2","2"
"103","8","4","16","0.442","3","2","2"
"103","9","4","16","0.557","3","2","2"
"103","10","10","10","0.492","0","1","2"
"103","11","2","18","0.485","2","3","2"
"103","12","4","16","0.852","3","3","2"
"103","13","2","18","0.569","3","3","2"
"103","14","7","13","0.452","3","2","2"
"103","15","2","18","0.566","3","2","2"
"103","16","10","10","0.521","0","1","2"
"103","17","7","13","0.431","3","3","2"
"103","18","4","16","1.327","3","2","2"
"103","19","2","18","0.646","3","2","2"
"103","20","2","18","0.585","2","3","2"
"103","21","10","10","2.494","0","1","2"
"103","22","4","16","0.521","3","3","2"
"103","23","10","10","0.433","0","1","2"
"103","24","10","10","0.582","0","1","2"
"103","25","7","13","0.686","3","2","2"
"103","26","4","16","0.555","3","2","2"
"103","27","7","13","0.322","1","3","2"
"103","28","2","18","0.576","2","3","2"
"103","29","7","13","0.565","1","3","2"
"103","30","7","13","0.585","1","3","2"
"103","31","4","16","0.556","3","2","2"
"103","32","10","10","0.298","0","1","2"
"103","33","2","18","0.412","3","2","2"
"103","34","2","18","0.411","3","2","2"
"103","35","7","13","0.47","3","2","2"
"103","36","10","10","0.466","0","1","2"
"103","37","4","16","0.484","3","3","2"
"103","38","4","16","0.713","2","3","2"
"103","39","10","10","0.577","0","1","2"
"103","40","7","13","0.569","3","2","2"
"123","1","10","10","0.607","0","1","2"
"123","2","4","16","0.715","3","3","2"
"123","3","7","13","0.390","3","2","2"
"123","4","7","13","0.754","3","3","2"
"123","5","2","18","0.327","3","3","2"
"123","6","10","10","0.613","0","1","2"
"123","7","2","18","0.445","3","2","2"
"123","8","10","10","0.954","0","1","2"
"123","9","2","18","0.571","3","3","2"
"123","10","4","16","0.848","3","2","2"
"123","11","4","16","0.497","3","3","2"
"123","12","4","16","0.598","3","2","2"
"123","13","2","18","0.402","3","3","2"
"123","14","2","18","0.597","3","2","2"
"123","15","2","18","0.544","3","3","2"
"123","16","10","10","0.509","0","1","2"
"123","17","7","13","0.933","3","3","2"
"123","18","7","13","0.344","3","3","2"
"123","19","10","10","0.511","0","1","2"
"123","20","4","16","0.323","3","2","2"
"123","21","7","13","0.681","3","2","2"
"123","22","2","18","0.416","3","2","2"
"123","23","7","13","0.701","3","2","2"
"123","24","4","16","0.463","3","2","2"
"123","25","4","16","0.677","3","3","2"
"123","26","10","10","0.588","0","1","2"
"123","27","2","18","0.409","3","3","2"
"123","28","4","16","0.601","3","3","2"
"123","29","10","10","0.491","0","1","2"
"123","30","4","16","0.583","3","3","2"
"123","31","7","13","0.368","3","2","2"
"123","32","10","10","0.887","0","1","2"
"123","33","4","16","0.817","3","2","2"
"123","34","7","13","0.642","3","3","2"
"123","35","2","18","0.435","3","2","2"
"123","36","10","10","0.390","0","1","2"
"123","37","2","18","0.517","3","2","2"
"123","38","7","13","0.639","3","3","2"
"123","39","7","13","0.574","3","2","2"
"123","40","10","10","0.598","0","1","2"
"123","1","10","10","0.482","0","1","3"
"123","2","4","16","0.423","3","3","3"
"123","3","2","18","0.626","3","2","3"
"123","4","7","13","0.572","2","2","3"
"123","5","7","13","0.414","2","3","3"
"123","6","2","18","0.510","3","2","3"
"123","7","2","18","0.429","3","3","3"
"123","8","10","10","0.593","0","1","3"
"123","9","7","13","0.599","2","3","3"
"123","10","2","18","0.453","3","3","3"
"123","11","7","13","0.352","2","2","3"
"123","12","10","10","0.659","0","1","3"
"123","13","10","10","0.531","0","1","3"
"123","14","4","16","0.499","3","3","3"
"123","15","7","13","0.401","2","3","3"
"123","16","4","16","0.585","3","2","3"
"123","17","2","18","0.337","3","3","3"
"123","18","4","16","0.453","3","2","3"
"123","19","2","18","1.487","3","2","3"
"123","20","10","10","0.570","0","1","3"
"123","21","7","13","0.393","2","2","3"
"123","22","2","18","0.632","3","2","3"
"123","23","4","16","0.906","3","3","3"
"123","24","10","10","0.295","0","1","3"
"123","25","7","13","0.457","2","2","3"
"123","26","2","18","0.742","3","3","3"
"123","27","4","16","0.576","3","2","3"
"123","28","10","10","0.877","0","1","3"
"123","29","2","18","0.961","3","3","3"
"123","30","10","10","0.779","0","1","3"
"123","31","4","16","0.329","3","2","3"
"123","32","4","16","0.600","3","3","3"
"123","33","4","16","0.431","3","3","3"
"123","34","7","13","0.504","2","2","3"
"123","35","7","13","0.528","2","3","3"
"123","36","10","10","0.674","0","1","3"
"123","37","2","18","0.573","3","2","3"
"123","38","10","10","0.425","0","1","3"
"123","39","7","13","0.490","2","3","3"
"123","40","4","16","0.736","3","2","3"
"123","1","4","16","0.505","3","3","2"
"123","2","10","10","0.602","0","1","2"
"123","3","7","13","0.536","3","3","2"
"123","4","2","18","1.981","3","2","2"
"123","5","10","10","0.387","0","1","2"
"123","6","7","13","0.269","3","3","2"
"123","7","2","18","0.568","3","3","2"
"123","8","10","10","0.741","0","1","2"
"123","9","2","18","0.376","3","3","2"
"123","10","4","16","0.374","3","3","2"
"123","11","2","18","0.383","3","3","2"
"123","12","7","13","0.798","3","3","2"
"123","13","4","16","0.627","3","2","2"
"123","14","10","10","0.738","0","1","2"
"123","15","2","18","0.326","3","3","2"
"123","16","7","13","0.439","3","2","2"
"123","17","4","16","0.568","3","3","2"
"123","18","4","16","0.767","3","2","2"
"123","19","2","18","0.705","3","2","2"
"123","20","10","10","0.870","0","1","2"
"123","21","4","16","0.505","3","2","2"
"123","22","10","10","0.543","0","1","2"
"123","23","7","13","0.400","3","2","2"
"123","24","2","18","0.697","3","2","2"
"123","25","7","13","1.429","3","2","2"
"123","26","10","10","0.380","0","1","2"
"123","27","10","10","0.427","0","1","2"
"123","28","4","16","0.798","3","2","2"
"123","29","7","13","0.407","3","3","2"
"123","30","7","13","0.591","3","2","2"
"123","31","4","16","0.558","3","2","2"
"123","32","2","18","0.717","3","3","2"
"123","33","2","18","0.803","3","2","2"
"123","34","4","16","0.582","3","3","2"
"123","35","2","18","0.942","3","2","2"
"123","36","4","16","1.752","3","3","2"
"123","37","7","13","1.155","3","2","2"
"123","38","10","10","0.682","0","1","2"
"123","39","10","10","0.384","0","1","2"
"123","40","7","13","1.032","3","3","2"
"123","1","7","13","0.392","3","2","3"
"123","2","10","10","0.640","0","1","3"
"123","3","4","16","0.506","3","3","3"
"123","4","2","18","0.338","3","2","3"
"123","5","2","18","0.362","3","3","3"
"123","6","7","13","0.523","2","3","3"
"123","7","7","13","0.409","2","2","3"
"123","8","2","18","0.761","3","2","3"
"123","9","4","16","0.491","3","2","3"
"123","10","10","10","0.371","0","1","3"
"123","11","2","18","0.356","3","3","3"
"123","12","4","16","0.546","3","3","3"
"123","13","2","18","0.432","3","3","3"
"123","14","10","10","0.435","0","1","3"
"123","15","4","16","0.333","3","2","3"
"123","16","7","13","0.704","2","3","3"
"123","17","10","10","0.478","0","1","3"
"123","18","2","18","0.446","3","2","3"
"123","19","2","18","0.373","3","2","3"
"123","20","4","16","0.392","3","3","3"
"123","21","10","10","0.733","0","1","3"
"123","22","2","18","1.295","3","3","3"
"123","23","7","13","0.328","2","3","3"
"123","24","10","10","0.501","0","1","3"
"123","25","7","13","0.365","2","2","3"
"123","26","4","16","0.458","3","2","3"
"123","27","10","10","0.889","0","1","3"
"123","28","2","18","0.527","3","3","3"
"123","29","7","13","0.595","2","3","3"
"123","30","7","13","0.639","2","3","3"
"123","31","4","16","1.266","3","2","3"
"123","32","10","10","0.456","0","1","3"
"123","33","2","18","0.603","3","2","3"
"123","34","4","16","0.473","3","2","3"
"123","35","7","13","0.884","2","2","3"
"123","36","10","10","0.400","0","1","3"
"123","37","4","16","0.794","3","3","3"
"123","38","4","16","0.367","3","3","3"
"123","39","7","13","1.152","2","2","3"
"123","40","10","10","1.375","0","1","3"
"119","1","7","13","1.384","3","2","3"
"119","2","4","16","0.701","2","3","3"
"119","3","10","10","0.592","0","1","3"
"119","4","10","10","0.763","0","1","3"
"119","5","2","18","1.545","2","3","3"
"119","6","7","13","1.687","3","3","3"
"119","7","2","18","0.672","3","2","3"
"119","8","7","13","0.940","2","3","3"
"119","9","2","18","0.526","3","3","3"
"119","10","2","18","0.561","3","2","3"
"119","11","4","16","0.403","3","3","3"
"119","12","4","16","0.624","3","2","3"
"119","13","2","18","0.517","3","3","3"
"119","14","4","16","0.527","3","2","3"
"119","15","4","16","0.634","2","3","3"
"119","16","10","10","0.408","0","1","3"
"119","17","7","13","0.703","3","2","3"
"119","18","7","13","0.563","2","3","3"
"119","19","10","10","0.401","0","1","3"
"119","20","2","18","0.597","3","2","3"
"119","21","10","10","0.579","0","1","3"
"119","22","2","18","0.323","3","2","3"
"119","23","7","13","0.839","2","3","3"
"119","24","4","16","0.521","3","2","3"
"119","25","2","18","0.367","3","3","3"
"119","26","10","10","0.438","0","1","3"
"119","27","2","18","0.452","3","3","3"
"119","28","4","16","0.388","2","3","3"
"119","29","7","13","0.532","3","2","3"
"119","30","4","16","0.513","2","3","3"
"119","31","7","13","0.443","2","2","3"
"119","32","10","10","0.417","0","1","3"
"119","33","4","16","0.460","3","2","3"
"119","34","10","10","0.469","0","1","3"
"119","35","2","18","0.533","3","2","3"
"119","36","10","10","0.784","0","1","3"
"119","37","4","16","0.400","2","2","3"
"119","38","10","10","0.577","0","1","3"
"119","39","7","13","0.728","1","3","3"
"119","40","7","13","0.529","2","2","3"
"119","1","7","13","0.417","2","2","2"
"119","2","4","16","0.598","2","3","2"
"119","3","2","18","0.506","3","2","2"
"119","4","10","10","0.507","0","1","2"
"119","5","10","10","0.478","0","1","2"
"119","6","4","16","0.350","3","2","2"
"119","7","2","18","0.693","2","3","2"
"119","8","7","13","0.441","3","3","2"
"119","9","10","10","0.591","0","1","2"
"119","10","2","18","0.325","2","3","2"
"119","11","7","13","0.375","3","3","2"
"119","12","10","10","0.387","0","1","2"
"119","13","10","10","0.587","0","1","2"
"119","14","4","16","1.147","2","3","2"
"119","15","7","13","0.681","1","3","2"
"119","16","4","16","0.473","3","2","2"
"119","17","2","18","0.529","1","3","2"
"119","18","2","18","0.405","3","2","2"
"119","19","4","16","0.527","3","2","2"
"119","20","7","13","0.450","3","2","2"
"119","21","7","13","0.681","1","3","2"
"119","22","2","18","0.473","3","2","2"
"119","23","2","18","0.850","3","3","2"
"119","24","10","10","0.551","0","1","2"
"119","25","10","10","0.513","0","1","2"
"119","26","4","16","0.414","2","3","2"
"119","27","4","16","0.848","3","2","2"
"119","28","10","10","0.909","0","1","2"
"119","29","2","18","0.345","3","3","2"
"119","30","7","13","0.339","2","2","2"
"119","31","4","16","0.312","3","2","2"
"119","32","4","16","0.400","3","3","2"
"119","33","4","16","0.271","2","3","2"
"119","34","7","13","1.520","2","2","2"
"119","35","7","13","2.328","0","2","2"
"119","36","10","10","0.401","0","1","2"
"119","37","2","18","0.597","3","2","2"
"119","38","7","13","0.337","1","3","2"
"119","39","10","10","0.706","0","1","2"
"119","40","2","18","0.552","3","2","2"
"119","1","4","16","0.328","2","3","3"
"119","2","7","13","0.345","3","3","3"
"119","3","10","10","0.687","0","1","3"
"119","4","2","18","0.396","3","2","3"
"119","5","7","13","0.715","2","3","3"
"119","6","10","10","0.452","0","1","3"
"119","7","2","18","1.104","3","3","3"
"119","8","7","13","0.485","3","3","3"
"119","9","2","18","0.447","3","3","3"
"119","10","4","16","0.517","3","3","3"
"119","11","2","18","0.471","3","3","3"
"119","12","7","13","0.382","2","2","3"
"119","13","2","18","0.578","3","2","3"
"119","14","10","10","0.457","0","1","3"
"119","15","4","16","0.438","2","3","3"
"119","16","10","10","0.446","0","1","3"
"119","17","2","18","0.767","3","3","3"
"119","18","4","16","0.838","3","2","3"
"119","19","4","16","0.528","3","2","3"
"119","20","7","13","0.366","1","3","3"
"119","21","2","18","0.425","3","2","3"
"119","22","10","10","0.390","0","1","3"
"119","23","7","13","0.583","1","2","3"
"119","24","2","18","0.440","3","2","3"
"119","25","7","13","1.036","1","2","3"
"119","26","10","10","0.484","0","1","3"
"119","27","10","10","0.467","0","1","3"
"119","28","4","16","0.702","3","2","3"
"119","29","7","13","0.639","2","2","3"
"119","30","10","10","0.454","0","1","3"
"119","31","4","16","0.405","3","2","3"
"119","32","2","18","0.340","3","3","3"
"119","33","2","18","0.394","3","2","3"
"119","34","4","16","1.165","2","3","3"
"119","35","4","16","0.366","3","2","3"
"119","36","4","16","0.399","3","3","3"
"119","37","7","13","0.394","2","3","3"
"119","38","10","10","0.457","0","1","3"
"119","39","7","13","0.407","2","2","3"
"119","40","10","10","0.432","0","1","3"
"119","1","10","10","0.548","0","1","2"
"119","2","7","13","0.348","3","2","2"
"119","3","4","16","0.350","3","3","2"
"119","4","2","18","0.533","3","2","2"
"119","5","2","18","1.030","2","3","2"
"119","6","10","10","0.487","0","1","2"
"119","7","7","13","0.341","3","2","2"
"119","8","4","16","0.405","3","2","2"
"119","9","4","16","0.359","3","2","2"
"119","10","10","10","0.406","0","1","2"
"119","11","2","18","0.416","3","3","2"
"119","12","4","16","0.494","3","3","2"
"119","13","2","18","1.963","1","3","2"
"119","14","7","13","0.967","2","3","2"
"119","15","2","18","0.416","3","2","2"
"119","16","10","10","0.404","0","1","2"
"119","17","7","13","0.306","1","3","2"
"119","18","4","16","0.482","3","2","2"
"119","19","2","18","0.465","3","2","2"
"119","20","2","18","0.404","3","3","2"
"119","21","10","10","0.377","0","1","2"
"119","22","4","16","0.692","2","3","2"
"119","23","10","10","0.603","0","1","2"
"119","24","10","10","0.809","0","1","2"
"119","25","7","13","0.377","2","3","2"
"119","26","4","16","0.374","3","2","2"
"119","27","7","13","0.973","2","3","2"
"119","28","2","18","0.418","3","3","2"
"119","29","7","13","0.368","3","2","2"
"119","30","7","13","0.307","3","2","2"
"119","31","4","16","0.374","3","2","2"
"119","32","10","10","0.972","0","1","2"
"119","33","2","18","0.303","3","2","2"
"119","34","2","18","0.317","3","2","2"
"119","35","7","13","0.536","2","3","2"
"119","36","10","10","0.604","0","1","2"
"119","37","4","16","0.286","3","3","2"
"119","38","4","16","0.411","2","3","2"
"119","39","10","10","1.028","0","1","2"
"119","40","7","13","0.658","3","2","2"
"131","1","10","10","0.640","0","1","2"
"131","2","4","16","0.508","3","3","2"
"131","3","7","13","0.303","2","2","2"
"131","4","7","13","0.674","2","2","2"
"131","5","2","18","0.472","3","3","2"
"131","6","10","10","0.294","0","1","2"
"131","7","2","18","0.399","3","2","2"
"131","8","10","10","0.323","0","1","2"
"131","9","2","18","0.396","3","3","2"
"131","10","4","16","1.105","2","2","2"
"131","11","4","16","0.499","2","3","2"
"131","12","4","16","0.351","3","2","2"
"131","13","2","18","0.516","3","3","2"
"131","14","2","18","0.350","3","2","2"
"131","15","2","18","0.713","3","3","2"
"131","16","10","10","0.503","0","1","2"
"131","17","7","13","0.495","1","2","2"
"131","18","7","13","0.890","1","3","2"
"131","19","10","10","0.521","0","1","2"
"131","20","4","16","0.436","3","2","2"
"131","21","7","13","0.531","1","3","2"
"131","22","2","18","0.890","3","2","2"
"131","23","7","13","0.551","1","2","2"
"131","24","4","16","0.936","2","2","2"
"131","25","4","16","0.391","2","3","2"
"131","26","10","10","0.390","0","1","2"
"131","27","2","18","0.347","3","3","2"
"131","28","4","16","0.379","2","3","2"
"131","29","10","10","0.580","0","1","2"
"131","30","4","16","0.353","2","3","2"
"131","31","7","13","0.635","1","3","2"
"131","32","10","10","0.497","0","1","2"
"131","33","4","16","0.531","2","2","2"
"131","34","7","13","1.644","1","2","2"
"131","35","2","18","0.677","3","2","2"
"131","36","10","10","1.048","0","1","2"
"131","37","2","18","1.303","3","2","2"
"131","38","7","13","1.345","1","3","2"
"131","39","7","13","0.640","1","3","2"
"131","40","10","10","0.440","0","1","2"
"131","1","10","10","0.457","0","1","3"
"131","2","4","16","0.533","1","3","3"
"131","3","2","18","0.338","2","2","3"
"131","4","7","13","0.522","0","3","3"
"131","5","7","13","0.350","0","2","3"
"131","6","2","18","0.293","2","2","3"
"131","7","2","18","0.340","1","3","3"
"131","8","10","10","0.617","0","1","3"
"131","9","7","13","0.670","0","3","3"
"131","10","2","18","0.444","2","3","3"
"131","11","7","13","1.183","0","2","3"
"131","12","10","10","0.651","0","1","3"
"131","13","10","10","0.523","0","1","3"
"131","14","4","16","0.000","0","3","3"
"131","15","7","13","0.537","0","3","3"
"131","16","4","16","0.505","2","2","3"
"131","17","2","18","0.368","2","3","3"
"131","18","4","16","0.484","1","2","3"
"131","19","2","18","0.711","2","2","3"
"131","20","10","10","0.466","0","1","3"
"131","21","7","13","0.504","0","3","3"
"131","22","2","18","0.400","2","2","3"
"131","23","4","16","0.441","1","3","3"
"131","24","10","10","0.927","0","1","3"
"131","25","7","13","0.409","0","2","3"
"131","26","2","18","0.462","2","3","3"
"131","27","4","16","0.456","1","2","3"
"131","28","10","10","0.000","0","1","3"
"131","29","2","18","0.537","2","3","3"
"131","30","10","10","0.339","0","1","3"
"131","31","4","16","0.536","1","2","3"
"131","32","4","16","0.527","1","3","3"
"131","33","4","16","0.383","1","3","3"
"131","34","7","13","0.528","0","2","3"
"131","35","7","13","0.976","0","2","3"
"131","36","10","10","1.145","0","1","3"
"131","37","2","18","0.693","2","2","3"
"131","38","10","10","1.001","0","1","3"
"131","39","7","13","1.058","0","3","3"
"131","40","4","16","0.536","2","2","3"
"131","1","4","16","0.658","2","3","2"
"131","2","10","10","0.396","0","1","2"
"131","3","7","13","0.497","1","3","2"
"131","4","2","18","0.654","3","2","2"
"131","5","10","10","0.397","0","1","2"
"131","6","7","13","0.510","0","3","2"
"131","7","2","18","0.674","2","3","2"
"131","8","10","10","0.510","0","1","2"
"131","9","2","18","0.425","2","3","2"
"131","10","4","16","1.527","1","3","2"
"131","11","2","18","0.521","2","3","2"
"131","12","7","13","0.664","1","3","2"
"131","13","4","16","0.620","2","2","2"
"131","14","10","10","0.988","0","1","2"
"131","15","2","18","1.904","3","3","2"
"131","16","7","13","0.609","1","2","2"
"131","17","4","16","0.745","2","3","2"
"131","18","4","16","0.537","2","2","2"
"131","19","2","18","0.722","3","2","2"
"131","20","10","10","0.593","0","1","2"
"131","21","4","16","0.939","2","2","2"
"131","22","10","10","0.593","0","1","2"
"131","23","7","13","0.889","1","2","2"
"131","24","2","18","0.000","0","2","2"
"131","25","7","13","0.591","1","2","2"
"131","26","10","10","0.423","0","1","2"
"131","27","10","10","0.502","0","1","2"
"131","28","4","16","0.697","2","2","2"
"131","29","7","13","0.833","1","3","2"
"131","30","7","13","1.457","0","2","2"
"131","31","4","16","0.824","1","2","2"
"131","32","2","18","1.039","2","3","2"
"131","33","2","18","0.622","3","2","2"
"131","34","4","16","0.584","1","3","2"
"131","35","2","18","0.465","3","2","2"
"131","36","4","16","0.635","1","3","2"
"131","37","7","13","0.422","0","2","2"
"131","38","10","10","0.476","0","1","2"
"131","39","10","10","1.042","0","1","2"
"131","40","7","13","2.178","2","3","2"
"131","1","7","13","0.444","0","3","3"
"131","2","10","10","0.453","0","1","3"
"131","3","4","16","0.430","1","3","3"
"131","4","2","18","0.782","3","2","3"
"131","5","2","18","0.326","2","3","3"
"131","6","7","13","0.743","0","2","3"
"131","7","7","13","0.702","0","3","3"
"131","8","2","18","0.541","2","2","3"
"131","9","4","16","1.808","2","2","3"
"131","10","10","10","0.671","0","1","3"
"131","11","2","18","1.073","2","3","3"
"131","12","4","16","0.447","1","3","3"
"131","13","2","18","0.524","2","3","3"
"131","14","10","10","0.575","0","1","3"
"131","15","4","16","0.817","2","2","3"
"131","16","7","13","1.021","1","2","3"
"131","17","10","10","0.491","0","1","3"
"131","18","2","18","0.643","2","2","3"
"131","19","2","18","0.570","2","2","3"
"131","20","4","16","1.204","1","3","3"
"131","21","10","10","2.898","0","1","3"
"131","22","2","18","0.860","2","3","3"
"131","23","7","13","1.013","0","3","3"
"131","24","10","10","1.050","0","1","3"
"131","25","7","13","0.530","0","3","3"
"131","26","4","16","1.279","1","2","3"
"131","27","10","10","0.622","0","1","3"
"131","28","2","18","1.139","2","3","3"
"131","29","7","13","0.537","0","2","3"
"131","30","7","13","1.764","0","3","3"
"131","31","4","16","0.623","1","2","3"
"131","32","10","10","0.485","0","1","3"
"131","33","2","18","0.472","2","2","3"
"131","34","4","16","0.462","1","2","3"
"131","35","7","13","0.817","0","2","3"
"131","36","10","10","1.301","0","1","3"
"131","37","4","16","0.399","0","3","3"
"131","38","4","16","0.348","1","3","3"
"131","39","7","13","0.413","0","2","3"
"131","40","10","10","0.508","0","1","3"
"108","1","4","16","0.528","1","3","3"
"108","2","10","10","0.410","1","1","3"
"108","3","7","13","0.351","2","2","3"
"108","4","2","18","0.404","3","2","3"
"108","5","10","10","0.435","3","1","3"
"108","6","7","13","0.308","1","3","3"
"108","7","2","18","0.352","3","3","3"
"108","8","10","10","0.372","3","1","3"
"108","9","2","18","0.359","2","3","3"
"108","10","4","16","0.445","2","3","3"
"108","11","2","18","0.415","2","3","3"
"108","12","7","13","0.366","3","2","3"
"108","13","4","16","0.410","3","2","3"
"108","14","10","10","0.402","0","1","3"
"108","15","2","18","0.366","3","3","3"
"108","16","7","13","0.471","2","3","3"
"108","17","4","16","0.471","2","3","3"
"108","18","4","16","0.806","2","2","3"
"108","19","2","18","0.600","3","2","3"
"108","20","10","10","0.358","3","1","3"
"108","21","4","16","0.352","2","2","3"
"108","22","10","10","0.639","0","1","3"
"108","23","7","13","0.999","0","2","3"
"108","24","2","18","0.481","3","2","3"
"108","25","7","13","0.397","2","3","3"
"108","26","10","10","2.804","2","1","3"
"108","27","10","10","0.419","0","1","3"
"108","28","4","16","0.470","3","2","3"
"108","29","7","13","0.607","3","2","3"
"108","30","7","13","1.247","3","3","3"
"108","31","4","16","0.414","3","2","3"
"108","32","2","18","0.533","2","3","3"
"108","33","2","18","0.515","3","2","3"
"108","34","4","16","0.277","1","3","3"
"108","35","2","18","0.350","3","2","3"
"108","36","4","16","0.368","2","3","3"
"108","37","7","13","1.507","2","3","3"
"108","38","10","10","0.466","0","1","3"
"108","39","10","10","0.392","0","1","3"
"108","40","7","13","0.456","2","2","3"
"108","1","7","13","0.583","2","2","2"
"108","2","10","10","0.336","1","1","2"
"108","3","4","16","0.618","3","3","2"
"108","4","2","18","0.361","3","2","2"
"108","5","2","18","0.370","3","3","2"
"108","6","7","13","0.394","3","3","2"
"108","7","7","13","2.569","2","2","2"
"108","8","2","18","0.761","3","2","2"
"108","9","4","16","0.659","2","2","2"
"108","10","10","10","0.370","3","1","2"
"108","11","2","18","0.636","3","3","2"
"108","12","4","16","0.578","2","3","2"
"108","13","2","18","0.439","3","3","2"
"108","14","10","10","2.546","3","1","2"
"108","15","4","16","0.460","3","2","2"
"108","16","7","13","0.400","2","2","2"
"108","17","10","10","0.293","0","1","2"
"108","18","2","18","0.790","3","2","2"
"108","19","2","18","0.373","3","2","2"
"108","20","4","16","0.455","2","3","2"
"108","21","10","10","0.556","1","1","2"
"108","22","2","18","0.455","3","3","2"
"108","23","7","13","0.351","3","3","2"
"108","24","10","10","0.476","3","1","2"
"108","25","7","13","1.397","2","3","2"
"108","26","4","16","0.450","3","2","2"
"108","27","10","10","1.385","2","1","2"
"108","28","2","18","0.518","3","3","2"
"108","29","7","13","0.507","3","2","2"
"108","30","7","13","0.670","3","2","2"
"108","31","4","16","0.418","3","2","2"
"108","32","10","10","0.336","0","1","2"
"108","33","2","18","0.970","3","2","2"
"108","34","4","16","0.466","3","2","2"
"108","35","7","13","0.000","0","3","2"
"108","36","10","10","0.336","0","1","2"
"108","37","4","16","0.530","3","3","2"
"108","38","4","16","0.591","1","3","2"
"108","39","7","13","0.736","2","3","2"
"108","40","10","10","2.086","2","1","2"
"108","1","2","18","0.592","3","2","3"
"108","2","4","16","0.465","2","2","3"
"108","3","4","16","0.389","2","3","3"
"108","4","10","10","0.939","2","1","3"
"108","5","2","18","0.869","3","3","3"
"108","6","7","13","0.715","2","3","3"
"108","7","2","18","0.527","3","3","3"
"108","8","10","10","0.376","0","1","3"
"108","9","7","13","0.330","1","3","3"
"108","10","7","13","0.436","2","2","3"
"108","11","10","10","0.381","0","1","3"
"108","12","4","16","0.579","3","3","3"
"108","13","10","10","0.332","0","1","3"
"108","14","10","10","0.486","0","1","3"
"108","15","4","16","0.488","3","2","3"
"108","16","2","18","0.713","2","2","3"
"108","17","2","18","0.590","3","3","3"
"108","18","7","13","0.423","2","2","3"
"108","19","7","13","0.604","2","2","3"
"108","20","2","18","0.581","3","3","3"
"108","21","4","16","0.434","3","3","3"
"108","22","10","10","0.344","0","1","3"
"108","23","10","10","0.381","0","1","3"
"108","24","4","16","0.435","2","2","3"
"108","25","7","13","0.816","2","3","3"
"108","26","2","18","0.443","3","2","3"
"108","27","4","16","0.891","3","2","3"
"108","28","2","18","0.462","3","3","3"
"108","29","7","13","0.512","2","2","3"
"108","30","10","10","0.401","1","1","3"
"108","31","7","13","0.341","1","3","3"
"108","32","4","16","0.858","3","2","3"
"108","33","7","13","0.466","2","3","3"
"108","34","10","10","0.357","0","1","3"
"108","35","4","16","0.485","3","3","3"
"108","36","2","18","0.464","3","2","3"
"108","37","10","10","0.893","0","1","3"
"108","38","4","16","1.708","2","3","3"
"108","39","7","13","0.843","3","2","3"
"108","40","2","18","0.697","3","2","3"
"108","1","10","10","0.403","1","1","2"
"108","2","7","13","0.700","2","3","2"
"108","3","7","13","0.329","2","3","2"
"108","4","10","10","0.397","0","1","2"
"108","5","4","16","0.430","3","3","2"
"108","6","2","18","0.562","3","2","2"
"108","7","2","18","0.651","3","2","2"
"108","8","7","13","0.460","2","2","2"
"108","9","7","13","0.462","2","3","2"
"108","10","2","18","0.556","3","3","2"
"108","11","2","18","0.388","3","3","2"
"108","12","4","16","0.469","2","2","2"
"108","13","4","16","0.433","2","2","2"
"108","14","4","16","0.478","1","3","2"
"108","15","2","18","0.476","3","2","2"
"108","16","2","18","0.865","2","2","2"
"108","17","2","18","0.341","3","3","2"
"108","18","10","10","0.445","0","1","2"
"108","19","7","13","0.493","3","2","2"
"108","20","4","16","0.406","2","3","2"
"108","21","4","16","0.411","3","2","2"
"108","22","7","13","0.346","2","3","2"
"108","23","10","10","0.335","1","1","2"
"108","24","4","16","0.451","2","2","2"
"108","25","7","13","0.555","2","3","2"
"108","26","2","18","0.379","3","3","2"
"108","27","10","10","0.352","1","1","2"
"108","28","2","18","2.481","3","3","2"
"108","29","10","10","0.566","1","1","2"
"108","30","4","16","0.346","2","3","2"
"108","31","7","13","0.495","3","2","2"
"108","32","10","10","0.447","0","1","2"
"108","33","10","10","0.323","0","1","2"
"108","34","2","18","0.396","3","2","2"
"108","35","4","16","0.389","3","2","2"
"108","36","4","16","0.501","3","3","2"
"108","37","10","10","0.386","0","1","2"
"108","38","10","10","0.372","0","1","2"
"108","39","7","13","0.563","3","2","2"
"108","40","7","13","0.461","3","2","2"
"125","1","2","18","0.914","2","2","3"
"125","2","4","16","0.755","2","2","3"
"125","3","4","16","0.718","2","3","3"
"125","4","10","10","0.956","0","1","3"
"125","5","2","18","0.814","3","3","3"
"125","6","7","13","0.996","2","3","3"
"125","7","2","18","0.656","2","3","3"
"125","8","10","10","0.697","0","1","3"
"125","9","7","13","1.267","1","2","3"
"125","10","7","13","1.493","1","2","3"
"125","11","10","10","0.582","0","1","3"
"125","12","4","16","1.133","2","3","3"
"125","13","10","10","0.287","0","1","3"
"125","14","10","10","0.703","0","1","3"
"125","15","4","16","0.817","2","2","3"
"125","16","2","18","2.530","3","2","3"
"125","17","2","18","1.031","3","3","3"
"125","18","7","13","1.704","1","3","3"
"125","19","7","13","0.981","1","3","3"
"125","20","2","18","0.486","3","3","3"
"125","21","4","16","0.000","0","3","3"
"125","22","10","10","0.369","0","1","3"
"125","23","10","10","0.414","0","1","3"
"125","24","4","16","0.548","2","2","3"
"125","25","7","13","0.777","0","2","3"
"125","26","2","18","1.372","3","2","3"
"125","27","4","16","0.948","2","2","3"
"125","28","2","18","0.447","2","3","3"
"125","29","7","13","1.705","0","2","3"
"125","30","10","10","0.426","0","1","3"
"125","31","7","13","1.278","0","2","3"
"125","32","4","16","0.740","2","2","3"
"125","33","7","13","0.000","0","3","3"
"125","34","10","10","0.574","0","1","3"
"125","35","4","16","1.062","2","3","3"
"125","36","2","18","2.608","3","2","3"
"125","37","10","10","0.462","0","1","3"
"125","38","4","16","1.325","2","3","3"
"125","39","7","13","0.892","1","3","3"
"125","40","2","18","1.402","3","2","3"
"125","1","10","10","0.518","0","1","2"
"125","2","7","13","1.414","1","3","2"
"125","3","7","13","0.467","1","2","2"
"125","4","10","10","0.408","0","1","2"
"125","5","4","16","0.448","2","3","2"
"125","6","2","18","0.861","3","2","2"
"125","7","2","18","0.478","3","2","2"
"125","8","7","13","0.000","0","3","2"
"125","9","7","13","1.808","1","2","2"
"125","10","2","18","0.734","3","3","2"
"125","11","2","18","0.454","3","3","2"
"125","12","4","16","0.415","3","2","2"
"125","13","4","16","0.420","3","2","2"
"125","14","4","16","0.472","2","3","2"
"125","15","2","18","0.430","3","2","2"
"125","16","2","18","0.716","3","2","2"
"125","17","2","18","0.504","3","3","2"
"125","18","10","10","0.503","0","1","2"
"125","19","7","13","1.015","3","2","2"
"125","20","4","16","2.024","2","3","2"
"125","21","4","16","0.525","2","2","2"
"125","22","7","13","0.924","2","2","2"
"125","23","10","10","0.362","0","1","2"
"125","24","4","16","0.462","3","2","2"
"125","25","7","13","0.533","1","3","2"
"125","26","2","18","0.526","3","3","2"
"125","27","10","10","1.331","0","1","2"
"125","28","2","18","1.418","3","3","2"
"125","29","10","10","0.377","0","1","2"
"125","30","4","16","2.580","2","3","2"
"125","31","7","13","0.000","0","3","2"
"125","32","10","10","0.432","0","1","2"
"125","33","10","10","0.605","0","1","2"
"125","34","2","18","0.494","3","2","2"
"125","35","4","16","0.424","3","2","2"
"125","36","4","16","0.392","2","3","2"
"125","37","10","10","0.000","0","1","2"
"125","38","10","10","0.461","0","1","2"
"125","39","7","13","2.796","1","3","2"
"125","40","7","13","0.984","1","2","2"
"125","1","4","16","0.933","2","3","3"
"125","2","2","18","0.000","0","2","3"
"125","3","2","18","0.759","2","3","3"
"125","4","2","18","0.824","3","3","3"
"125","5","4","16","1.852","2","2","3"
"125","6","7","13","1.011","2","3","3"
"125","7","10","10","0.478","0","1","3"
"125","8","7","13","0.661","1","2","3"
"125","9","4","16","0.443","2","3","3"
"125","10","10","10","1.306","0","1","3"
"125","11","10","10","0.451","0","1","3"
"125","12","4","16","1.420","1","2","3"
"125","13","10","10","0.000","0","1","3"
"125","14","2","18","0.398","3","2","3"
"125","15","7","13","0.344","2","2","3"
"125","16","7","13","0.552","1","3","3"
"125","17","4","16","0.526","3","2","3"
"125","18","2","18","0.439","3","3","3"
"125","19","2","18","1.039","3","2","3"
"125","20","7","13","1.068","2","3","3"
"125","21","10","10","0.464","0","1","3"
"125","22","2","18","1.454","0","3","3"
"125","23","4","16","0.403","2","3","3"
"125","24","2","18","0.000","0","3","3"
"125","25","7","13","0.508","2","2","3"
"125","26","10","10","0.371","0","1","3"
"125","27","10","10","0.767","0","1","3"
"125","28","4","16","1.621","1","2","3"
"125","29","7","13","1.781","2","3","3"
"125","30","7","13","0.381","2","2","3"
"125","31","10","10","0.375","0","1","3"
"125","32","4","16","0.393","2","3","3"
"125","33","10","10","1.642","0","1","3"
"125","34","4","16","0.000","0","2","3"
"125","35","7","13","0.445","1","3","3"
"125","36","2","18","0.486","3","2","3"
"125","37","2","18","0.396","3","2","3"
"125","38","4","16","0.563","2","3","3"
"125","39","7","13","0.413","2","2","3"
"125","40","10","10","0.330","0","1","3"
"125","1","10","10","0.312","0","1","2"
"125","2","2","18","0.406","3","2","2"
"125","3","7","13","0.822","1","3","2"
"125","4","4","16","0.372","2","3","2"
"125","5","2","18","0.568","2","3","2"
"125","6","2","18","0.435","3","2","2"
"125","7","2","18","0.770","3","3","2"
"125","8","4","16","0.462","2","2","2"
"125","9","7","13","0.571","1","3","2"
"125","10","4","16","0.299","2","3","2"
"125","11","7","13","1.871","2","2","2"
"125","12","2","18","0.857","3","3","2"
"125","13","10","10","0.878","0","1","2"
"125","14","7","13","0.983","2","3","2"
"125","15","4","16","0.000","0","2","2"
"125","16","2","18","1.262","3","2","2"
"125","17","2","18","0.347","3","2","2"
"125","18","10","10","0.398","0","1","2"
"125","19","4","16","0.347","2","3","2"
"125","20","4","16","0.487","2","2","2"
"125","21","10","10","0.593","0","1","2"
"125","22","10","10","0.734","0","1","2"
"125","23","2","18","0.498","0","3","2"
"125","24","7","13","0.744","2","2","2"
"125","25","7","13","0.304","2","3","2"
"125","26","10","10","0.541","0","1","2"
"125","27","2","18","0.486","3","3","2"
"125","28","7","13","0.369","2","2","2"
"125","29","4","16","0.339","3","2","2"
"125","30","4","16","0.488","2","3","2"
"125","31","10","10","1.086","0","1","2"
"125","32","10","10","0.129","0","1","2"
"125","33","7","13","1.159","2","2","2"
"125","34","7","13","0.491","1","3","2"
"125","35","10","10","0.117","0","1","2"
"125","36","2","18","0.337","2","2","2"
"125","37","10","10","1.928","0","1","2"
"125","38","4","16","0.694","2","2","2"
"125","39","4","16","1.875","2","3","2"
"125","40","7","13","0.494","2","2","2"
"124","1","4","16","0.675","1","3","3"
"124","2","10","10","0.445","0","1","3"
"124","3","7","13","0.682","2","2","3"
"124","4","2","18","0.431","0","2","3"
"124","5","10","10","0.718","0","1","3"
"124","6","7","13","0.543","0","3","3"
"124","7","2","18","1.315","3","3","3"
"124","8","10","10","0.679","0","1","3"
"124","9","2","18","0.602","0","3","3"
"124","10","4","16","0.760","0","3","3"
"124","11","2","18","0.506","0","3","3"
"124","12","7","13","1.081","0","3","3"
"124","13","4","16","0.533","3","2","3"
"124","14","10","10","0.540","0","1","3"
"124","15","2","18","0.529","0","3","3"
"124","16","7","13","0.441","1","3","3"
"124","17","4","16","0.593","2","3","3"
"124","18","4","16","0.394","3","2","3"
"124","19","2","18","0.427","3","2","3"
"124","20","10","10","0.353","0","1","3"
"124","21","4","16","0.619","1","2","3"
"124","22","10","10","0.321","0","1","3"
"124","23","7","13","0.802","0","2","3"
"124","24","2","18","1.316","0","2","3"
"124","25","7","13","0.471","2","3","3"
"124","26","10","10","2.191","0","1","3"
"124","27","10","10","0.526","0","1","3"
"124","28","4","16","0.553","0","2","3"
"124","29","7","13","0.386","0","2","3"
"124","30","7","13","1.073","2","3","3"
"124","31","4","16","0.824","0","2","3"
"124","32","2","18","2.624","0","3","3"
"124","33","2","18","0.613","0","2","3"
"124","34","4","16","0.584","0","3","3"
"124","35","2","18","0.545","0","2","3"
"124","36","4","16","0.338","0","3","3"
"124","37","7","13","0.917","0","2","3"
"124","38","10","10","0.556","0","1","3"
"124","39","10","10","0.873","0","1","3"
"124","40","7","13","0.000","0","2","3"
"124","1","7","13","1.855","1","2","2"
"124","2","10","10","0.895","0","1","2"
"124","3","4","16","0.609","1","3","2"
"124","4","2","18","0.833","3","2","2"
"124","5","2","18","2.329","0","3","2"
"124","6","7","13","0.466","0","2","2"
"124","7","7","13","0.745","0","2","2"
"124","8","2","18","0.512","0","2","2"
"124","9","4","16","0.587","1","2","2"
"124","10","10","10","0.866","0","1","2"
"124","11","2","18","0.980","3","3","2"
"124","12","4","16","0.498","0","3","2"
"124","13","2","18","0.407","3","3","2"
"124","14","10","10","0.410","0","1","2"
"124","15","4","16","1.380","0","2","2"
"124","16","7","13","0.496","0","3","2"
"124","17","10","10","0.461","0","1","2"
"124","18","2","18","0.997","0","2","2"
"124","19","2","18","0.469","1","2","2"
"124","20","4","16","0.800","2","3","2"
"124","21","10","10","0.708","0","1","2"
"124","22","2","18","1.143","0","3","2"
"124","23","7","13","1.423","1","3","2"
"124","24","10","10","0.452","0","1","2"
"124","25","7","13","0.053","1","3","2"
"124","26","4","16","0.402","0","2","2"
"124","27","10","10","0.880","0","1","2"
"124","28","2","18","1.717","0","3","2"
"124","29","7","13","0.475","0","3","2"
"124","30","7","13","0.542","0","3","2"
"124","31","4","16","0.650","2","2","2"
"124","32","10","10","0.376","0","1","2"
"124","33","2","18","1.770","3","2","2"
"124","34","4","16","0.832","1","2","2"
"124","35","7","13","1.020","0","2","2"
"124","36","10","10","2.087","0","1","2"
"124","37","4","16","0.425","0","3","2"
"124","38","4","16","0.926","2","3","2"
"124","39","7","13","0.584","0","2","2"
"124","40","10","10","0.574","0","1","2"
"124","1","2","18","0.387","1","2","3"
"124","2","4","16","0.667","0","2","3"
"124","3","4","16","0.871","1","3","3"
"124","4","10","10","0.477","0","1","3"
"124","5","2","18","0.415","2","3","3"
"124","6","7","13","0.365","0","3","3"
"124","7","2","18","0.697","1","3","3"
"124","8","10","10","0.770","0","1","3"
"124","9","7","13","0.724","0","3","3"
"124","10","7","13","0.847","1","3","3"
"124","11","10","10","0.559","0","1","3"
"124","12","4","16","0.357","1","3","3"
"124","13","10","10","0.001","0","1","3"
"124","14","10","10","0.584","0","1","3"
"124","15","4","16","0.000","0","2","3"
"124","16","2","18","0.000","0","2","3"
"124","17","2","18","0.360","0","3","3"
"124","18","7","13","0.745","0","2","3"
"124","19","7","13","0.614","1","2","3"
"124","20","2","18","0.607","0","3","3"
"124","21","4","16","0.851","0","3","3"
"124","22","10","10","0.251","0","1","3"
"124","23","10","10","0.575","0","1","3"
"124","24","4","16","1.997","3","2","3"
"124","25","7","13","1.057","0","2","3"
"124","26","2","18","0.829","3","2","3"
"124","27","4","16","0.397","3","2","3"
"124","28","2","18","0.791","0","3","3"
"124","29","7","13","0.483","0","3","3"
"124","30","10","10","0.611","0","1","3"
"124","31","7","13","0.511","0","2","3"
"124","32","4","16","0.452","2","2","3"
"124","33","7","13","0.724","0","3","3"
"124","34","10","10","0.335","0","1","3"
"124","35","4","16","0.935","0","3","3"
"124","36","2","18","0.921","0","2","3"
"124","37","10","10","1.040","0","1","3"
"124","38","4","16","0.758","0","3","3"
"124","39","7","13","0.709","0","2","3"
"124","40","2","18","0.435","2","2","3"
"124","1","10","10","0.375","0","1","2"
"124","2","7","13","0.623","0","3","2"
"124","3","7","13","0.741","1","3","2"
"124","4","10","10","0.617","0","1","2"
"124","5","4","16","0.602","1","3","2"
"124","6","2","18","0.638","2","2","2"
"124","7","2","18","0.711","0","2","2"
"124","8","7","13","1.832","1","2","2"
"124","9","7","13","0.809","1","2","2"
"124","10","2","18","1.574","0","3","2"
"124","11","2","18","0.001","0","3","2"
"124","12","4","16","0.568","0","2","2"
"124","13","4","16","0.421","2","2","2"
"124","14","4","16","1.290","0","3","2"
"124","15","2","18","0.000","0","2","2"
"124","16","2","18","0.589","1","2","2"
"124","17","2","18","0.688","0","3","2"
"124","18","10","10","0.704","0","1","2"
"124","19","7","13","0.409","1","2","2"
"124","20","4","16","0.489","0","3","2"
"124","21","4","16","1.118","1","2","2"
"124","22","7","13","0.717","0","3","2"
"124","23","10","10","1.242","0","1","2"
"124","24","4","16","0.430","0","2","2"
"124","25","7","13","0.670","1","2","2"
"124","26","2","18","0.519","0","3","2"
"124","27","10","10","0.603","0","1","2"
"124","28","2","18","0.404","0","3","2"
"124","29","10","10","0.857","0","1","2"
"124","30","4","16","0.397","0","3","2"
"124","31","7","13","0.371","0","3","2"
"124","32","10","10","0.458","0","1","2"
"124","33","10","10","0.486","0","1","2"
"124","34","2","18","0.415","0","2","2"
"124","35","4","16","0.712","0","2","2"
"124","36","4","16","1.056","0","3","2"
"124","37","10","10","0.829","0","1","2"
"124","38","10","10","0.671","0","1","2"
"124","39","7","13","0.406","0","2","2"
"124","40","7","13","0.784","0","3","2"
"114","1","4","16","1.806","2","3","2"
"114","2","2","18","0.501","3","2","2"
"114","3","2","18","0.488","3","3","2"
"114","4","2","18","0.474","3","3","2"
"114","5","4","16","1.614","3","2","2"
"114","6","7","13","0.869","0","3","2"
"114","7","10","10","0.568","0","1","2"
"114","8","7","13","0.823","1","3","2"
"114","9","4","16","1.628","3","3","2"
"114","10","10","10","0.491","0","1","2"
"114","11","10","10","0.805","0","1","2"
"114","12","4","16","0.493","3","2","2"
"114","13","10","10","0.524","0","1","2"
"114","14","2","18","0.592","3","2","2"
"114","15","7","13","0.610","3","2","2"
"114","16","7","13","0.698","3","2","2"
"114","17","4","16","0.663","3","2","2"
"114","18","2","18","0.457","3","3","2"
"114","19","2","18","0.584","3","2","2"
"114","20","7","13","1.110","3","2","2"
"114","21","10","10","0.449","0","1","2"
"114","22","2","18","0.568","2","3","2"
"114","23","4","16","0.741","2","3","2"
"114","24","2","18","0.634","3","3","2"
"114","25","7","13","0.574","2","3","2"
"114","26","10","10","0.644","0","1","2"
"114","27","10","10","0.521","0","1","2"
"114","28","4","16","0.711","3","2","2"
"114","29","7","13","0.672","3","2","2"
"114","30","7","13","0.478","3","2","2"
"114","31","10","10","0.609","0","1","2"
"114","32","4","16","0.507","3","3","2"
"114","33","10","10","0.412","0","1","2"
"114","34","4","16","0.823","3","2","2"
"114","35","7","13","1.623","2","3","2"
"114","36","2","18","0.592","3","2","2"
"114","37","2","18","0.575","3","2","2"
"114","38","4","16","0.949","2","3","2"
"114","39","7","13","0.831","2","3","2"
"114","40","10","10","0.652","0","1","2"
"114","1","10","10","0.552","0","1","3"
"114","2","2","18","0.478","3","2","3"
"114","3","7","13","0.623","3","2","3"
"114","4","4","16","1.893","3","3","3"
"114","5","2","18","0.553","3","3","3"
"114","6","2","18","1.219","3","2","3"
"114","7","2","18","0.522","3","3","3"
"114","8","4","16","0.486","2","2","3"
"114","9","7","13","0.540","2","3","3"
"114","10","4","16","0.571","3","3","3"
"114","11","7","13","1.832","2","3","3"
"114","12","2","18","0.602","3","3","3"
"114","13","10","10","0.495","0","1","3"
"114","14","7","13","0.544","2","3","3"
"114","15","4","16","0.481","3","2","3"
"114","16","2","18","0.928","3","2","3"
"114","17","2","18","0.820","3","2","3"
"114","18","10","10","0.487","0","1","3"
"114","19","4","16","0.000","0","3","3"
"114","20","4","16","0.497","3","2","3"
"114","21","10","10","0.490","0","1","3"
"114","22","10","10","1.047","0","1","3"
"114","23","2","18","0.602","3","3","3"
"114","24","7","13","1.577","1","2","3"
"114","25","7","13","0.457","1","2","3"
"114","26","10","10","0.541","0","1","3"
"114","27","2","18","0.799","3","3","3"
"114","28","7","13","0.522","3","2","3"
"114","29","4","16","0.892","3","2","3"
"114","30","4","16","0.513","2","3","3"
"114","31","10","10","0.431","0","1","3"
"114","32","10","10","0.482","0","1","3"
"114","33","7","13","0.503","3","3","3"
"114","34","7","13","0.548","2","2","3"
"114","35","10","10","0.910","0","1","3"
"114","36","2","18","0.906","3","2","3"
"114","37","10","10","0.441","0","1","3"
"114","38","4","16","0.440","3","2","3"
"114","39","4","16","0.516","2","3","3"
"114","40","7","13","0.599","1","3","3"
"114","1","10","10","0.502","0","1","2"
"114","2","4","16","0.995","2","3","2"
"114","3","7","13","0.446","2","3","2"
"114","4","7","13","1.585","3","2","2"
"114","5","2","18","0.679","2","3","2"
"114","6","10","10","0.445","0","1","2"
"114","7","2","18","0.566","3","2","2"
"114","8","10","10","0.554","0","1","2"
"114","9","2","18","0.851","3","3","2"
"114","10","4","16","0.536","3","2","2"
"114","11","4","16","0.578","3","3","2"
"114","12","4","16","0.622","3","2","2"
"114","13","2","18","0.539","3","3","2"
"114","14","2","18","0.781","3","2","2"
"114","15","2","18","0.792","3","3","2"
"114","16","10","10","0.622","0","1","2"
"114","17","7","13","2.325","2","3","2"
"114","18","7","13","0.920","3","3","2"
"114","19","10","10","0.495","0","1","2"
"114","20","4","16","0.979","3","2","2"
"114","21","7","13","0.945","2","3","2"
"114","22","2","18","0.568","3","2","2"
"114","23","7","13","2.397","3","2","2"
"114","24","4","16","0.703","3","2","2"
"114","25","4","16","0.862","2","3","2"
"114","26","10","10","0.508","0","1","2"
"114","27","2","18","0.569","3","3","2"
"114","28","4","16","0.529","3","3","2"
"114","29","10","10","0.555","0","1","2"
"114","30","4","16","0.543","2","3","2"
"114","31","7","13","1.568","3","2","2"
"114","32","10","10","2.008","0","1","2"
"114","33","4","16","1.689","0","2","2"
"114","34","7","13","0.746","2","2","2"
"114","35","2","18","1.363","3","2","2"
"114","36","10","10","0.639","0","1","2"
"114","37","2","18","0.709","3","2","2"
"114","38","7","13","0.951","3","3","2"
"114","39","7","13","0.686","3","2","2"
"114","40","10","10","0.422","0","1","2"
"114","1","10","10","0.541","0","1","3"
"114","2","4","16","0.442","3","3","3"
"114","3","2","18","0.638","3","2","3"
"114","4","7","13","0.632","2","3","3"
"114","5","7","13","0.499","1","3","3"
"114","6","2","18","1.194","3","2","3"
"114","7","2","18","0.921","2","3","3"
"114","8","10","10","0.558","0","1","3"
"114","9","7","13","1.635","2","2","3"
"114","10","2","18","0.625","3","3","3"
"114","11","7","13","1.188","1","2","3"
"114","12","10","10","0.472","0","1","3"
"114","13","10","10","0.544","0","1","3"
"114","14","4","16","0.655","3","3","3"
"114","15","7","13","0.934","2","3","3"
"114","16","4","16","1.661","3","2","3"
"114","17","2","18","0.749","0","3","3"
"114","18","4","16","0.473","3","2","3"
"114","19","2","18","0.500","3","2","3"
"114","20","10","10","0.407","0","1","3"
"114","21","7","13","0.485","2","3","3"
"114","22","2","18","0.557","3","2","3"
"114","23","4","16","1.086","2","3","3"
"114","24","10","10","0.524","0","1","3"
"114","25","7","13","0.589","2","2","3"
"114","26","2","18","0.562","2","3","3"
"114","27","4","16","0.453","3","2","3"
"114","28","10","10","0.554","0","1","3"
"114","29","2","18","0.485","2","3","3"
"114","30","10","10","0.457","0","1","3"
"114","31","4","16","0.757","3","2","3"
"114","32","4","16","0.797","2","3","3"
"114","33","4","16","1.460","3","3","3"
"114","34","7","13","0.477","3","2","3"
"114","35","7","13","0.813","3","2","3"
"114","36","10","10","0.974","0","1","3"
"114","37","2","18","1.065","3","2","3"
"114","38","10","10","0.502","0","1","3"
"114","39","7","13","0.591","2","3","3"
"114","40","4","16","0.652","3","2","3"
"118","1","4","16","1.074","3","3","3"
"118","2","2","18","0.465","3","2","3"
"118","3","2","18","0.451","3","3","3"
"118","4","2","18","0.518","3","3","3"
"118","5","2","18","0.490","3","2","3"
"118","6","10","10","0.328","0","1","3"
"118","7","7","13","0.308","2","2","3"
"118","8","10","10","0.378","0","1","3"
"118","9","4","16","0.592","3","3","3"
"118","10","7","13","0.759","1","3","3"
"118","11","10","10","0.313","0","1","3"
"118","12","4","16","0.528","3","2","3"
"118","13","7","13","0.376","2","2","3"
"118","14","4","16","0.387","3","2","3"
"118","15","7","13","0.446","2","2","3"
"118","16","7","13","1.109","2","3","3"
"118","17","2","18","0.339","3","2","3"
"118","18","2","18","0.460","3","3","3"
"118","19","2","18","0.356","3","2","3"
"118","20","7","13","0.369","2","2","3"
"118","21","10","10","0.349","0","1","3"
"118","22","4","16","0.347","3","3","3"
"118","23","2","18","0.361","3","3","3"
"118","24","2","18","0.341","3","3","3"
"118","25","7","13","0.362","2","3","3"
"118","26","10","10","0.488","0","1","3"
"118","27","10","10","0.533","0","1","3"
"118","28","4","16","0.387","3","2","3"
"118","29","10","10","1.155","0","1","3"
"118","30","10","10","0.425","0","1","3"
"118","31","7","13","0.340","2","3","3"
"118","32","4","16","0.751","3","3","3"
"118","33","10","10","0.600","0","1","3"
"118","34","4","16","0.707","3","2","3"
"118","35","10","10","0.363","0","1","3"
"118","36","2","18","0.491","3","2","3"
"118","37","4","16","0.426","3","2","3"
"118","38","4","16","0.408","3","3","3"
"118","39","7","13","0.386","2","2","3"
"118","40","7","13","0.680","2","3","3"
"118","1","7","13","2.313","1","3","2"
"118","2","2","18","0.368","3","2","2"
"118","3","10","10","0.392","0","1","2"
"118","4","4","16","0.414","3","3","2"
"118","5","2","18","0.490","3","3","2"
"118","6","4","16","0.317","3","2","2"
"118","7","2","18","0.395","3","3","2"
"118","8","4","16","2.448","3","2","2"
"118","9","10","10","0.381","0","1","2"
"118","10","4","16","0.437","2","3","2"
"118","11","7","13","0.473","2","3","2"
"118","12","2","18","0.332","3","3","2"
"118","13","7","13","0.408","2","2","2"
"118","14","10","10","0.490","0","1","2"
"118","15","2","18","0.000","0","2","2"
"118","16","4","16","0.513","3","2","2"
"118","17","2","18","0.405","3","2","2"
"118","18","10","10","0.337","0","1","2"
"118","19","2","18","0.325","3","3","2"
"118","20","4","16","0.473","3","2","2"
"118","21","10","10","0.467","0","1","2"
"118","22","7","13","1.968","2","3","2"
"118","23","4","16","0.420","3","3","2"
"118","24","7","13","2.434","3","2","2"
"118","25","10","10","0.330","0","1","2"
"118","26","10","10","0.399","0","1","2"
"118","27","2","18","0.337","3","3","2"
"118","28","7","13","0.555","2","2","2"
"118","29","4","16","1.437","3","2","2"
"118","30","4","16","0.466","3","3","2"
"118","31","10","10","0.761","0","1","2"
"118","32","7","13","1.212","2","2","2"
"118","33","7","13","0.273","1","3","2"
"118","34","7","13","0.517","2","2","2"
"118","35","10","10","0.335","0","1","2"
"118","36","2","18","0.467","3","2","2"
"118","37","7","13","0.411","2","3","2"
"118","38","2","18","0.345","3","2","2"
"118","39","4","16","0.413","3","3","2"
"118","40","10","10","0.392","0","1","2"
"118","1","7","13","0.356","2","2","3"
"118","2","4","16","0.481","3","3","3"
"118","3","10","10","0.323","0","1","3"
"118","4","10","10","0.415","0","1","3"
"118","5","2","18","0.453","3","3","3"
"118","6","7","13","0.411","2","3","3"
"118","7","2","18","0.499","3","2","3"
"118","8","7","13","0.511","2","2","3"
"118","9","2","18","0.536","3","3","3"
"118","10","2","18","0.493","3","2","3"
"118","11","4","16","1.143","3","3","3"
"118","12","4","16","0.867","3","2","3"
"118","13","2","18","0.672","3","3","3"
"118","14","4","16","0.514","3","2","3"
"118","15","4","16","0.725","3","3","3"
"118","16","10","10","0.000","0","1","3"
"118","17","7","13","0.338","2","2","3"
"118","18","7","13","0.446","2","3","3"
"118","19","10","10","0.477","0","1","3"
"118","20","2","18","0.328","3","2","3"
"118","21","10","10","0.358","0","1","3"
"118","22","2","18","0.614","3","2","3"
"118","23","7","13","0.451","2","2","3"
"118","24","4","16","0.468","2","2","3"
"118","25","2","18","0.379","3","3","3"
"118","26","10","10","0.394","0","1","3"
"118","27","2","18","0.367","3","3","3"
"118","28","4","16","0.327","3","3","3"
"118","29","7","13","0.384","2","2","3"
"118","30","4","16","0.309","3","3","3"
"118","31","7","13","0.486","2","3","3"
"118","32","10","10","0.701","0","1","3"
"118","33","4","16","0.151","3","2","3"
"118","34","10","10","0.464","0","1","3"
"118","35","2","18","0.392","3","2","3"
"118","36","10","10","1.092","0","1","3"
"118","37","4","16","0.427","3","2","3"
"118","38","10","10","0.428","0","1","3"
"118","39","7","13","0.380","2","3","3"
"118","40","7","13","0.564","2","3","3"
"118","1","7","13","0.376","2","3","2"
"118","2","4","16","0.469","3","3","2"
"118","3","2","18","0.584","3","2","2"
"118","4","10","10","0.402","0","1","2"
"118","5","10","10","0.916","0","1","2"
"118","6","4","16","0.300","3","2","2"
"118","7","2","18","0.619","3","3","2"
"118","8","7","13","0.447","2","3","2"
"118","9","10","10","0.485","0","1","2"
"118","10","2","18","0.355","3","3","2"
"118","11","7","13","0.374","2","2","2"
"118","12","10","10","0.330","0","1","2"
"118","13","10","10","0.489","0","1","2"
"118","14","4","16","0.713","3","3","2"
"118","15","7","13","1.608","2","3","2"
"118","16","4","16","0.543","3","2","2"
"118","17","2","18","0.359","3","3","2"
"118","18","2","18","0.804","3","2","2"
"118","19","4","16","0.558","3","2","2"
"118","20","7","13","0.545","2","3","2"
"118","21","7","13","1.063","2","2","2"
"118","22","2","18","0.791","3","2","2"
"118","23","2","18","0.424","3","3","2"
"118","24","10","10","0.534","0","1","2"
"118","25","10","10","0.000","0","1","2"
"118","26","4","16","0.325","3","3","2"
"118","27","4","16","0.311","3","2","2"
"118","28","10","10","0.452","0","1","2"
"118","29","2","18","0.383","3","3","2"
"118","30","7","13","0.402","3","2","2"
"118","31","4","16","2.590","3","2","2"
"118","32","4","16","0.518","3","3","2"
"118","33","4","16","0.582","3","3","2"
"118","34","7","13","0.447","2","3","2"
"118","35","7","13","0.791","2","2","2"
"118","36","10","10","0.536","0","1","2"
"118","37","2","18","0.387","3","2","2"
"118","38","7","13","0.368","2","2","2"
"118","39","10","10","0.417","0","1","2"
"118","40","2","18","0.015","3","2","2"
"112","1","4","16","0.000","0","3","2"
"112","2","7","13","0.672","2","2","2"
"112","3","10","10","0.406","0","1","2"
"112","4","2","18","0.787","3","2","2"
"112","5","7","13","0.938","2","3","2"
"112","6","10","10","0.587","0","1","2"
"112","7","2","18","1.159","3","3","2"
"112","8","7","13","1.467","2","3","2"
"112","9","2","18","0.478","3","3","2"
"112","10","4","16","0.820","3","3","2"
"112","11","2","18","0.533","3","3","2"
"112","12","7","13","0.797","2","2","2"
"112","13","2","18","0.489","3","2","2"
"112","14","10","10","0.481","0","1","2"
"112","15","4","16","0.653","3","3","2"
"112","16","10","10","0.783","0","1","2"
"112","17","2","18","0.438","3","3","2"
"112","18","4","16","0.501","2","2","2"
"112","19","4","16","0.383","3","2","2"
"112","20","7","13","0.613","2","3","2"
"112","21","2","18","0.639","3","2","2"
"112","22","10","10","0.989","0","1","2"
"112","23","7","13","0.462","2","3","2"
"112","24","2","18","0.583","3","2","2"
"112","25","7","13","1.171","2","2","2"
"112","26","10","10","0.000","0","1","2"
"112","27","10","10","0.810","0","1","2"
"112","28","4","16","1.453","2","2","2"
"112","29","7","13","0.470","2","3","2"
"112","30","10","10","0.981","0","1","2"
"112","31","4","16","0.380","3","2","2"
"112","32","2","18","0.000","0","3","2"
"112","33","2","18","0.674","3","2","2"
"112","34","4","16","2.492","3","3","2"
"112","35","4","16","1.501","2","2","2"
"112","36","4","16","1.015","2","3","2"
"112","37","7","13","0.706","3","2","2"
"112","38","10","10","0.465","3","1","2"
"112","39","7","13","0.974","2","2","2"
"112","40","10","10","1.638","0","1","2"
"112","1","10","10","0.563","0","1","3"
"112","2","7","13","2.187","1","2","3"
"112","3","4","16","0.821","3","3","3"
"112","4","2","18","1.588","1","2","3"
"112","5","2","18","0.000","0","3","3"
"112","6","10","10","0.590","0","1","3"
"112","7","7","13","1.052","1","2","3"
"112","8","4","16","0.740","3","2","3"
"112","9","4","16","0.694","3","2","3"
"112","10","10","10","0.478","0","1","3"
"112","11","2","18","0.607","3","3","3"
"112","12","4","16","1.006","3","3","3"
"112","13","2","18","0.611","3","3","3"
"112","14","7","13","0.510","2","3","3"
"112","15","2","18","0.000","0","2","3"
"112","16","10","10","0.451","0","1","3"
"112","17","7","13","1.217","2","3","3"
"112","18","4","16","0.849","2","2","3"
"112","19","2","18","0.497","1","2","3"
"112","20","2","18","0.763","3","3","3"
"112","21","10","10","0.576","0","1","3"
"112","22","4","16","0.603","3","3","3"
"112","23","10","10","0.355","0","1","3"
"112","24","10","10","0.456","0","1","3"
"112","25","7","13","0.696","2","2","3"
"112","26","4","16","0.486","2","2","3"
"112","27","7","13","0.000","0","3","3"
"112","28","2","18","0.994","2","3","3"
"112","29","7","13","2.023","1","3","3"
"112","30","7","13","0.770","1","2","3"
"112","31","4","16","0.102","1","2","3"
"112","32","10","10","0.460","0","1","3"
"112","33","2","18","0.494","3","2","3"
"112","34","2","18","0.909","0","2","3"
"112","35","7","13","2.391","1","2","3"
"112","36","10","10","0.715","0","1","3"
"112","37","4","16","0.413","2","3","3"
"112","38","4","16","0.715","1","3","3"
"112","39","10","10","0.924","0","1","3"
"112","40","7","13","0.554","1","3","3"
"112","1","2","18","0.351","3","2","2"
"112","2","2","18","1.063","3","2","2"
"112","3","4","16","1.003","2","3","2"
"112","4","7","13","0.521","1","3","2"
"112","5","2","18","0.000","0","3","2"
"112","6","10","10","0.817","0","1","2"
"112","7","2","18","0.669","2","3","2"
"112","8","7","13","1.806","2","3","2"
"112","9","10","10","0.424","0","1","2"
"112","10","7","13","1.323","1","2","2"
"112","11","10","10","0.411","1","1","2"
"112","12","4","16","0.000","0","3","2"
"112","13","7","13","0.587","1","2","2"
"112","14","10","10","0.580","0","1","2"
"112","15","4","16","0.743","2","2","2"
"112","16","4","16","1.255","2","2","2"
"112","17","2","18","1.596","2","3","2"
"112","18","7","13","0.469","2","2","2"
"112","19","10","10","0.050","0","1","2"
"112","20","4","16","0.507","2","3","2"
"112","21","2","18","0.920","1","3","2"
"112","22","7","13","0.359","1","3","2"
"112","23","10","10","0.000","0","1","2"
"112","24","2","18","0.897","3","2","2"
"112","25","7","13","0.015","1","2","2"
"112","26","2","18","0.561","3","2","2"
"112","27","4","16","0.577","2","2","2"
"112","28","2","18","0.676","2","3","2"
"112","29","10","10","0.702","0","1","2"
"112","30","10","10","0.712","0","1","2"
"112","31","7","13","0.000","0","3","2"
"112","32","4","16","0.512","2","2","2"
"112","33","7","13","0.904","2","3","2"
"112","34","7","13","0.539","2","2","2"
"112","35","4","16","2.747","2","3","2"
"112","36","2","18","0.454","2","2","2"
"112","37","10","10","0.000","0","1","2"
"112","38","4","16","0.458","1","3","2"
"112","39","10","10","0.617","0","1","2"
"112","40","4","16","0.000","0","2","2"
"112","1","7","13","0.441","2","3","3"
"112","2","10","10","0.922","0","1","3"
"112","3","10","10","1.007","0","1","3"
"112","4","7","13","0.740","2","2","3"
"112","5","4","16","0.460","3","3","3"
"112","6","2","18","0.385","3","2","3"
"112","7","4","16","2.218","2","2","3"
"112","8","10","10","0.827","0","1","3"
"112","9","7","13","0.677","1","2","3"
"112","10","2","18","0.530","3","3","3"
"112","11","2","18","0.507","3","3","3"
"112","12","4","16","0.000","0","2","3"
"112","13","2","18","0.384","3","2","3"
"112","14","4","16","0.412","3","3","3"
"112","15","4","16","0.690","3","2","3"
"112","16","2","18","0.400","3","2","3"
"112","17","2","18","0.436","3","3","3"
"112","18","10","10","0.419","0","1","3"
"112","19","7","13","0.700","2","3","3"
"112","20","2","18","0.549","3","3","3"
"112","21","4","16","1.297","1","2","3"
"112","22","7","13","0.841","2","2","3"
"112","23","10","10","0.422","0","1","3"
"112","24","4","16","0.698","3","2","3"
"112","25","7","13","0.649","1","3","3"
"112","26","4","16","0.466","3","3","3"
"112","27","10","10","0.639","0","1","3"
"112","28","2","18","0.992","1","3","3"
"112","29","7","13","0.000","0","2","3"
"112","30","4","16","0.449","3","3","3"
"112","31","10","10","0.606","0","1","3"
"112","32","10","10","0.413","0","1","3"
"112","33","10","10","1.841","0","1","3"
"112","34","2","18","0.000","0","2","3"
"112","35","2","18","1.036","3","2","3"
"112","36","4","16","0.412","3","3","3"
"112","37","7","13","0.945","1","2","3"
"112","38","7","13","0.418","2","3","3"
"112","39","7","13","0.000","0","3","3"
"112","40","10","10","0.612","0","1","3"
"116","1","4","16","0.722","3","3","3"
"116","2","10","10","1.067","0","1","3"
"116","3","7","13","1.049","1","3","3"
"116","4","2","18","0.542","3","2","3"
"116","5","10","10","0.453","0","1","3"
"116","6","7","13","0.670","2","3","3"
"116","7","2","18","0.586","3","3","3"
"116","8","10","10","0.407","0","1","3"
"116","9","2","18","0.585","3","3","3"
"116","10","4","16","0.647","3","3","3"
"116","11","2","18","0.393","3","3","3"
"116","12","7","13","0.400","3","2","3"
"116","13","4","16","0.541","3","2","3"
"116","14","10","10","0.596","0","1","3"
"116","15","2","18","0.441","3","3","3"
"116","16","7","13","0.641","2","3","3"
"116","17","4","16","0.753","3","3","3"
"116","18","4","16","1.057","3","2","3"
"116","19","2","18","0.914","3","2","3"
"116","20","10","10","0.585","0","1","3"
"116","21","4","16","0.595","3","2","3"
"116","22","10","10","0.441","0","1","3"
"116","23","7","13","0.417","2","2","3"
"116","24","2","18","0.571","3","2","3"
"116","25","7","13","0.815","3","2","3"
"116","26","10","10","0.375","0","1","3"
"116","27","10","10","0.334","0","1","3"
"116","28","4","16","0.497","3","2","3"
"116","29","7","13","1.457","3","2","3"
"116","30","7","13","1.608","3","2","3"
"116","31","4","16","1.120","3","2","3"
"116","32","2","18","0.343","3","3","3"
"116","33","2","18","0.485","3","2","3"
"116","34","4","16","1.112","2","3","3"
"116","35","2","18","0.480","3","2","3"
"116","36","4","16","0.610","2","3","3"
"116","37","7","13","0.469","1","3","3"
"116","38","10","10","0.396","0","1","3"
"116","39","10","10","0.425","0","1","3"
"116","40","7","13","0.298","1","3","3"
"116","1","7","13","0.619","3","2","2"
"116","2","10","10","0.379","0","1","2"
"116","3","4","16","0.669","3","3","2"
"116","4","2","18","0.325","3","2","2"
"116","5","2","18","0.349","3","3","2"
"116","6","7","13","0.701","2","3","2"
"116","7","7","13","0.460","2","3","2"
"116","8","2","18","0.644","3","2","2"
"116","9","4","16","0.399","3","2","2"
"116","10","10","10","0.358","0","1","2"
"116","11","2","18","0.455","3","3","2"
"116","12","4","16","2.093","3","3","2"
"116","13","2","18","0.899","3","3","2"
"116","14","10","10","0.422","0","1","2"
"116","15","4","16","0.520","3","2","2"
"116","16","7","13","0.619","3","2","2"
"116","17","10","10","0.913","0","1","2"
"116","18","2","18","0.593","3","2","2"
"116","19","2","18","0.328","3","2","2"
"116","20","4","16","1.315","2","3","2"
"116","21","10","10","0.512","0","1","2"
"116","22","2","18","0.355","3","3","2"
"116","23","7","13","0.651","2","3","2"
"116","24","10","10","0.591","0","1","2"
"116","25","7","13","1.272","2","3","2"
"116","26","4","16","0.933","3","2","2"
"116","27","10","10","0.644","0","1","2"
"116","28","2","18","0.418","3","3","2"
"116","29","7","13","0.759","3","2","2"
"116","30","7","13","0.354","2","3","2"
"116","31","4","16","0.470","3","2","2"
"116","32","10","10","0.683","0","1","2"
"116","33","2","18","0.485","3","2","2"
"116","34","4","16","1.013","3","2","2"
"116","35","7","13","0.760","3","2","2"
"116","36","10","10","0.547","0","1","2"
"116","37","4","16","0.653","3","3","2"
"116","38","4","16","0.514","3","3","2"
"116","39","7","13","0.811","3","2","2"
"116","40","10","10","0.890","0","1","2"
"116","1","2","18","0.551","3","2","3"
"116","2","4","16","1.919","2","2","3"
"116","3","4","16","0.436","2","3","3"
"116","4","10","10","0.386","0","1","3"
"116","5","2","18","0.387","3","3","3"
"116","6","7","13","0.593","2","2","3"
"116","7","2","18","1.198","3","3","3"
"116","8","10","10","0.390","0","1","3"
"116","9","7","13","0.345","1","3","3"
"116","10","7","13","0.339","2","2","3"
"116","11","10","10","0.835","0","1","3"
"116","12","4","16","0.610","3","3","3"
"116","13","10","10","0.460","0","1","3"
"116","14","10","10","1.156","0","1","3"
"116","15","4","16","0.847","3","2","3"
"116","16","2","18","0.447","3","2","3"
"116","17","2","18","0.597","3","3","3"
"116","18","7","13","0.406","1","3","3"
"116","19","7","13","0.787","1","3","3"
"116","20","2","18","0.436","3","3","3"
"116","21","4","16","0.664","3","3","3"
"116","22","10","10","0.807","0","1","3"
"116","23","10","10","0.795","0","1","3"
"116","24","4","16","0.426","3","2","3"
"116","25","7","13","0.334","1","3","3"
"116","26","2","18","0.810","3","2","3"
"116","27","4","16","0.410","3","2","3"
"116","28","2","18","0.468","3","3","3"
"116","29","7","13","1.655","2","2","3"
"116","30","10","10","0.920","0","1","3"
"116","31","7","13","0.420","2","2","3"
"116","32","4","16","0.489","3","2","3"
"116","33","7","13","0.473","1","3","3"
"116","34","10","10","0.772","0","1","3"
"116","35","4","16","0.460","3","3","3"
"116","36","2","18","0.518","3","2","3"
"116","37","10","10","0.460","0","1","3"
"116","38","4","16","0.426","3","3","3"
"116","39","7","13","0.538","2","2","3"
"116","40","2","18","0.000","0","2","3"
"116","1","10","10","0.697","0","1","2"
"116","2","7","13","0.642","2","3","2"
"116","3","7","13","0.375","2","3","2"
"116","4","10","10","0.427","0","1","2"
"116","5","4","16","0.356","3","3","2"
"116","6","2","18","0.728","3","2","2"
"116","7","2","18","0.633","3","2","2"
"116","8","7","13","0.443","3","2","2"
"116","9","7","13","0.476","2","3","2"
"116","10","2","18","0.817","3","3","2"
"116","11","2","18","0.738","3","3","2"
"116","12","4","16","0.867","3","2","2"
"116","13","4","16","0.528","3","2","2"
"116","14","4","16","0.524","3","3","2"
"116","15","2","18","0.602","3","2","2"
"116","16","2","18","0.688","3","2","2"
"116","17","2","18","1.251","3","3","2"
"116","18","10","10","0.691","0","1","2"
"116","19","7","13","0.579","2","2","2"
"116","20","4","16","1.028","3","3","2"
"116","21","4","16","0.393","3","2","2"
"116","22","7","13","0.536","3","2","2"
"116","23","10","10","0.566","0","1","2"
"116","24","4","16","1.753","3","2","2"
"116","25","7","13","0.521","2","2","2"
"116","26","2","18","0.498","3","3","2"
"116","27","10","10","0.439","0","1","2"
"116","28","2","18","0.303","3","3","2"
"116","29","10","10","1.172","0","1","2"
"116","30","4","16","0.496","3","3","2"
"116","31","7","13","0.549","2","2","2"
"116","32","10","10","0.757","0","1","2"
"116","33","10","10","2.889","0","1","2"
"116","34","2","18","0.890","3","2","2"
"116","35","4","16","0.460","3","2","2"
"116","36","4","16","0.651","3","3","2"
"116","37","10","10","2.640","0","1","2"
"116","38","10","10","0.474","0","1","2"
"116","39","7","13","0.377","2","3","2"
"116","40","7","13","0.891","2","3","2"
"111","1","7","13","0.850","1","2","3"
"111","2","4","16","1.158","1","3","3"
"111","3","10","10","0.601","0","1","3"
"111","4","10","10","0.661","0","1","3"
"111","5","2","18","0.954","2","3","3"
"111","6","7","13","0.904","0","3","3"
"111","7","2","18","0.977","3","2","3"
"111","8","7","13","0.437","0","3","3"
"111","9","2","18","0.583","2","3","3"
"111","10","2","18","0.619","2","2","3"
"111","11","4","16","1.165","2","3","3"
"111","12","4","16","0.610","2","2","3"
"111","13","2","18","0.550","2","3","3"
"111","14","4","16","1.240","2","2","3"
"111","15","4","16","0.387","2","3","3"
"111","16","10","10","0.537","0","1","3"
"111","17","7","13","0.505","0","2","3"
"111","18","7","13","0.636","0","3","3"
"111","19","10","10","0.554","0","1","3"
"111","20","2","18","0.702","2","2","3"
"111","21","10","10","0.837","0","1","3"
"111","22","2","18","1.244","3","2","3"
"111","23","7","13","1.257","0","2","3"
"111","24","4","16","0.835","2","2","3"
"111","25","2","18","0.673","2","3","3"
"111","26","10","10","0.919","0","1","3"
"111","27","2","18","1.133","1","3","3"
"111","28","4","16","1.725","0","3","3"
"111","29","7","13","1.310","2","2","3"
"111","30","4","16","0.779","1","3","3"
"111","31","7","13","0.852","0","3","3"
"111","32","10","10","0.803","0","1","3"
"111","33","4","16","0.669","2","2","3"
"111","34","10","10","0.870","0","1","3"
"111","35","2","18","0.718","3","2","3"
"111","36","10","10","0.602","0","1","3"
"111","37","4","16","0.473","2","2","3"
"111","38","10","10","0.738","0","1","3"
"111","39","7","13","0.641","0","3","3"
"111","40","7","13","0.826","2","2","3"
"111","1","7","13","1.451","2","2","2"
"111","2","4","16","0.368","0","3","2"
"111","3","2","18","1.563","1","2","2"
"111","4","10","10","0.533","0","1","2"
"111","5","10","10","0.639","0","1","2"
"111","6","4","16","0.455","1","2","2"
"111","7","2","18","1.142","0","3","2"
"111","8","7","13","1.723","2","2","2"
"111","9","10","10","1.072","0","1","2"
"111","10","2","18","0.630","0","3","2"
"111","11","7","13","0.578","0","3","2"
"111","12","10","10","0.886","0","1","2"
"111","13","10","10","0.493","0","1","2"
"111","14","4","16","0.604","0","3","2"
"111","15","7","13","1.011","2","2","2"
"111","16","4","16","0.578","2","2","2"
"111","17","2","18","0.538","1","3","2"
"111","18","2","18","0.975","2","2","2"
"111","19","4","16","0.977","3","2","2"
"111","20","7","13","0.516","2","2","2"
"111","21","7","13","0.506","0","3","2"
"111","22","2","18","0.914","2","2","2"
"111","23","2","18","0.491","0","3","2"
"111","24","10","10","0.745","0","1","2"
"111","25","10","10","0.963","0","1","2"
"111","26","4","16","0.432","1","3","2"
"111","27","4","16","0.562","2","2","2"
"111","28","10","10","0.559","0","1","2"
"111","29","2","18","0.531","0","3","2"
"111","30","7","13","0.517","1","3","2"
"111","31","4","16","0.754","2","2","2"
"111","32","4","16","0.529","1","3","2"
"111","33","4","16","0.649","1","3","2"
"111","34","7","13","0.450","0","3","2"
"111","35","7","13","0.970","2","2","2"
"111","36","10","10","0.683","0","1","2"
"111","37","2","18","0.743","0","2","2"
"111","38","7","13","0.547","2","3","2"
"111","39","10","10","0.444","0","1","2"
"111","40","2","18","0.929","1","2","2"
"111","1","4","16","0.858","2","3","3"
"111","2","7","13","0.835","2","2","3"
"111","3","10","10","0.577","0","1","3"
"111","4","2","18","0.590","3","2","3"
"111","5","7","13","0.573","1","2","3"
"111","6","10","10","0.430","0","1","3"
"111","7","2","18","1.841","3","3","3"
"111","8","7","13","0.630","1","2","3"
"111","9","2","18","1.185","2","3","3"
"111","10","4","16","0.576","2","3","3"
"111","11","2","18","1.104","3","3","3"
"111","12","7","13","0.488","2","3","3"
"111","13","2","18","1.388","1","2","3"
"111","14","10","10","0.563","0","1","3"
"111","15","4","16","0.744","2","3","3"
"111","16","10","10","0.577","0","1","3"
"111","17","2","18","0.697","2","3","3"
"111","18","4","16","0.353","3","2","3"
"111","19","4","16","1.394","2","2","3"
"111","20","7","13","0.440","0","3","3"
"111","21","2","18","0.778","3","2","3"
"111","22","10","10","0.592","0","1","3"
"111","23","7","13","0.601","0","2","3"
"111","24","2","18","0.850","3","2","3"
"111","25","7","13","0.518","1","3","3"
"111","26","10","10","0.598","0","1","3"
"111","27","10","10","0.629","0","1","3"
"111","28","4","16","0.576","2","2","3"
"111","29","7","13","0.544","0","3","3"
"111","30","10","10","0.457","0","1","3"
"111","31","4","16","0.543","2","2","3"
"111","32","2","18","1.638","1","3","3"
"111","33","2","18","0.613","3","2","3"
"111","34","4","16","0.615","2","3","3"
"111","35","4","16","0.416","2","2","3"
"111","36","4","16","0.730","2","3","3"
"111","37","7","13","0.597","1","2","3"
"111","38","10","10","0.507","0","1","3"
"111","39","7","13","0.673","1","3","3"
"111","40","10","10","0.553","0","1","3"
"111","1","10","10","0.862","0","1","2"
"111","2","7","13","0.959","0","3","2"
"111","3","4","16","0.656","2","3","2"
"111","4","2","18","0.472","2","2","2"
"111","5","2","18","0.561","0","3","2"
"111","6","10","10","0.593","0","1","2"
"111","7","7","13","0.664","2","2","2"
"111","8","4","16","0.936","2","2","2"
"111","9","4","16","1.082","3","2","2"
"111","10","10","10","0.449","0","1","2"
"111","11","2","18","0.730","0","3","2"
"111","12","4","16","0.569","2","3","2"
"111","13","2","18","0.510","0","3","2"
"111","14","7","13","1.225","2","2","2"
"111","15","2","18","0.579","1","2","2"
"111","16","10","10","0.815","0","1","2"
"111","17","7","13","0.581","1","3","2"
"111","18","4","16","0.724","2","2","2"
"111","19","2","18","0.339","2","2","2"
"111","20","2","18","0.559","0","3","2"
"111","21","10","10","0.587","0","1","2"
"111","22","4","16","0.670","2","3","2"
"111","23","10","10","0.486","0","1","2"
"111","24","10","10","0.547","0","1","2"
"111","25","7","13","1.027","0","3","2"
"111","26","4","16","0.865","2","2","2"
"111","27","7","13","0.592","1","2","2"
"111","28","2","18","0.829","0","3","2"
"111","29","7","13","0.578","0","2","2"
"111","30","7","13","0.613","1","2","2"
"111","31","4","16","0.409","2","2","2"
"111","32","10","10","0.454","0","1","2"
"111","33","2","18","0.625","2","2","2"
"111","34","2","18","0.720","1","2","2"
"111","35","7","13","1.083","0","3","2"
"111","36","10","10","0.527","0","1","2"
"111","37","4","16","0.481","2","3","2"
"111","38","4","16","0.381","1","3","2"
"111","39","10","10","0.767","0","1","2"
"111","40","7","13","0.646","0","3","2"
"129","1","2","18","1.103","3","2","2"
"129","2","2","18","1.143","3","2","2"
"129","3","4","16","2.516","3","3","2"
"129","4","7","13","2.665","2","2","2"
"129","5","2","18","2.531","3","3","2"
"129","6","10","10","0.721","0","1","2"
"129","7","2","18","0.934","3","3","2"
"129","8","7","13","0.982","3","2","2"
"129","9","10","10","0.608","0","1","2"
"129","10","7","13","0.563","1","3","2"
"129","11","10","10","0.315","0","1","2"
"129","12","4","16","0.394","3","3","2"
"129","13","7","13","0.260","2","2","2"
"129","14","10","10","0.604","0","1","2"
"129","15","4","16","0.719","3","2","2"
"129","16","4","16","0.440","3","2","2"
"129","17","2","18","0.372","3","3","2"
"129","18","7","13","0.405","1","3","2"
"129","19","10","10","0.394","0","1","2"
"129","20","4","16","2.115","2","3","2"
"129","21","2","18","0.952","2","3","2"
"129","22","7","13","0.311","1","3","2"
"129","23","10","10","0.364","0","1","2"
"129","24","2","18","0.298","3","2","2"
"129","25","7","13","0.742","1","3","2"
"129","26","2","18","0.506","3","2","2"
"129","27","4","16","0.594","3","2","2"
"129","28","2","18","1.269","2","3","2"
"129","29","10","10","0.455","0","1","2"
"129","30","10","10","0.880","0","1","2"
"129","31","7","13","0.357","2","2","2"
"129","32","4","16","0.593","3","2","2"
"129","33","7","13","0.377","2","2","2"
"129","34","7","13","0.324","1","3","2"
"129","35","4","16","0.348","2","3","2"
"129","36","2","18","1.287","3","2","2"
"129","37","10","10","2.116","0","1","2"
"129","38","4","16","0.499","2","3","2"
"129","39","10","10","0.642","0","1","2"
"129","40","4","16","1.368","2","2","2"
"129","1","7","13","0.477","2","2","3"
"129","2","10","10","0.534","0","1","3"
"129","3","10","10","0.371","0","1","3"
"129","4","7","13","0.855","2","2","3"
"129","5","4","16","0.400","2","3","3"
"129","6","2","18","0.532","3","2","3"
"129","7","4","16","0.405","2","2","3"
"129","8","10","10","0.574","0","1","3"
"129","9","7","13","0.472","1","3","3"
"129","10","2","18","0.661","3","3","3"
"129","11","2","18","0.574","3","3","3"
"129","12","4","16","0.535","2","2","3"
"129","13","2","18","0.547","3","2","3"
"129","14","4","16","1.768","2","3","3"
"129","15","4","16","0.293","2","2","3"
"129","16","2","18","0.556","3","2","3"
"129","17","2","18","0.375","3","3","3"
"129","18","10","10","0.303","0","1","3"
"129","19","7","13","2.480","3","2","3"
"129","20","2","18","0.593","3","3","3"
"129","21","4","16","0.421","2","2","3"
"129","22","7","13","0.669","1","3","3"
"129","23","10","10","0.425","0","1","3"
"129","24","4","16","0.406","3","2","3"
"129","25","7","13","0.477","2","2","3"
"129","26","4","16","0.001","3","3","3"
"129","27","10","10","1.002","0","1","3"
"129","28","2","18","0.483","3","3","3"
"129","29","7","13","1.337","2","3","3"
"129","30","4","16","0.125","3","3","3"
"129","31","10","10","0.866","0","1","3"
"129","32","10","10","0.360","0","1","3"
"129","33","10","10","0.782","0","1","3"
"129","34","2","18","0.342","3","2","3"
"129","35","2","18","1.688","2","2","3"
"129","36","4","16","0.304","3","3","3"
"129","37","7","13","0.405","2","3","3"
"129","38","7","13","0.246","3","2","3"
"129","39","7","13","2.397","3","3","3"
"129","40","10","10","0.336","0","1","3"
"129","1","4","16","1.630","3","3","2"
"129","2","2","18","0.428","3","2","2"
"129","3","2","18","0.479","3","3","2"
"129","4","2","18","0.817","3","3","2"
"129","5","2","18","0.397","3","2","2"
"129","6","10","10","0.380","0","1","2"
"129","7","7","13","1.208","3","2","2"
"129","8","10","10","0.526","0","1","2"
"129","9","4","16","0.476","3","3","2"
"129","10","7","13","0.035","2","3","2"
"129","11","10","10","0.365","0","1","2"
"129","12","4","16","0.348","3","2","2"
"129","13","7","13","0.611","2","2","2"
"129","14","4","16","0.647","3","2","2"
"129","15","7","13","0.434","2","2","2"
"129","16","7","13","0.000","0","2","2"
"129","17","2","18","0.319","3","2","2"
"129","18","2","18","1.392","3","3","2"
"129","19","2","18","0.455","3","2","2"
"129","20","7","13","0.550","2","3","2"
"129","21","10","10","0.593","0","1","2"
"129","22","4","16","0.040","3","3","2"
"129","23","2","18","0.637","3","3","2"
"129","24","2","18","0.345","3","3","2"
"129","25","7","13","0.470","2","3","2"
"129","26","10","10","0.964","0","1","2"
"129","27","10","10","0.473","0","1","2"
"129","28","4","16","0.359","3","2","2"
"129","29","10","10","0.135","0","1","2"
"129","30","10","10","0.262","0","1","2"
"129","31","7","13","0.176","2","3","2"
"129","32","4","16","0.491","3","3","2"
"129","33","10","10","0.492","0","1","2"
"129","34","4","16","0.167","3","2","2"
"129","35","10","10","0.494","0","1","2"
"129","36","2","18","0.072","3","2","2"
"129","37","4","16","0.766","3","2","2"
"129","38","4","16","0.157","3","3","2"
"129","39","7","13","1.287","2","3","2"
"129","40","7","13","0.165","2","2","2"
"129","1","7","13","0.397","2","3","3"
"129","2","2","18","0.619","3","2","3"
"129","3","10","10","0.395","0","1","3"
"129","4","4","16","0.289","3","3","3"
"129","5","2","18","0.422","3","3","3"
"129","6","4","16","0.520","3","2","3"
"129","7","2","18","0.007","3","3","3"
"129","8","4","16","0.001","3","2","3"
"129","9","10","10","0.432","0","1","3"
"129","10","4","16","0.400","3","3","3"
"129","11","7","13","0.893","2","3","3"
"129","12","2","18","0.351","3","3","3"
"129","13","7","13","0.316","2","3","3"
"129","14","10","10","0.413","0","1","3"
"129","15","2","18","0.382","3","2","3"
"129","16","4","16","0.268","3","2","3"
"129","17","2","18","0.361","3","2","3"
"129","18","10","10","0.388","0","1","3"
"129","19","2","18","0.656","3","3","3"
"129","20","4","16","0.741","3","2","3"
"129","21","10","10","0.775","0","1","3"
"129","22","7","13","0.284","2","2","3"
"129","23","4","16","0.551","3","3","3"
"129","24","7","13","0.318","2","3","3"
"129","25","10","10","0.342","0","1","3"
"129","26","10","10","1.227","0","1","3"
"129","27","2","18","0.013","3","3","3"
"129","28","7","13","0.016","2","2","3"
"129","29","4","16","0.481","3","2","3"
"129","30","4","16","1.670","2","3","3"
"129","31","10","10","0.500","0","1","3"
"129","32","7","13","0.080","2","3","3"
"129","33","7","13","0.001","2","2","3"
"129","34","7","13","0.193","2","2","3"
"129","35","10","10","0.000","0","1","3"
"129","36","2","18","0.344","3","2","3"
"129","37","7","13","0.143","2","2","3"
"129","38","2","18","0.269","3","2","3"
"129","39","4","16","0.433","3","3","3"
"129","40","10","10","0.380","0","1","3"
"117","1","2","18","0.520","0","2","3"
"117","2","4","16","0.497","0","2","3"
"117","3","4","16","0.829","0","3","3"
"117","4","10","10","0.531","0","1","3"
"117","5","2","18","0.509","0","3","3"
"117","6","7","13","0.499","0","3","3"
"117","7","2","18","0.383","0","3","3"
"117","8","10","10","0.800","0","1","3"
"117","9","7","13","0.370","0","2","3"
"117","10","7","13","1.333","0","2","3"
"117","11","10","10","0.461","0","1","3"
"117","12","4","16","0.884","0","3","3"
"117","13","10","10","0.349","0","1","3"
"117","14","10","10","0.470","0","1","3"
"117","15","4","16","0.520","0","2","3"
"117","16","2","18","0.521","0","2","3"
"117","17","2","18","0.414","0","3","3"
"117","18","7","13","0.583","0","3","3"
"117","19","7","13","0.556","0","3","3"
"117","20","2","18","0.460","0","3","3"
"117","21","4","16","0.505","0","3","3"
"117","22","10","10","0.528","0","1","3"
"117","23","10","10","0.469","0","1","3"
"117","24","4","16","0.467","0","2","3"
"117","25","7","13","0.960","0","3","3"
"117","26","2","18","0.515","0","2","3"
"117","27","4","16","0.522","0","2","3"
"117","28","2","18","0.574","0","3","3"
"117","29","7","13","0.944","0","2","3"
"117","30","10","10","0.434","0","1","3"
"117","31","7","13","0.573","0","3","3"
"117","32","4","16","0.922","0","2","3"
"117","33","7","13","0.434","0","2","3"
"117","34","10","10","0.765","0","1","3"
"117","35","4","16","0.525","0","3","3"
"117","36","2","18","0.751","0","2","3"
"117","37","10","10","0.509","0","1","3"
"117","38","4","16","0.436","0","3","3"
"117","39","7","13","0.459","0","2","3"
"117","40","2","18","0.481","0","2","3"
"117","1","10","10","0.000","0","1","2"
"117","2","7","13","2.277","0","3","2"
"117","3","7","13","0.434","0","2","2"
"117","4","10","10","0.566","0","1","2"
"117","5","4","16","0.687","0","3","2"
"117","6","2","18","0.483","0","2","2"
"117","7","2","18","0.492","0","2","2"
"117","8","7","13","0.965","0","2","2"
"117","9","7","13","0.631","0","2","2"
"117","10","2","18","0.588","0","3","2"
"117","11","2","18","0.501","0","3","2"
"117","12","4","16","0.710","0","2","2"
"117","13","4","16","0.834","0","2","2"
"117","14","4","16","0.511","0","3","2"
"117","15","2","18","0.493","0","2","2"
"117","16","2","18","0.538","0","2","2"
"117","17","2","18","0.510","0","3","2"
"117","18","10","10","0.726","0","1","2"
"117","19","7","13","0.470","0","3","2"
"117","20","4","16","0.543","0","3","2"
"117","21","4","16","0.507","0","2","2"
"117","22","7","13","0.483","0","3","2"
"117","23","10","10","0.400","0","1","2"
"117","24","4","16","0.452","0","2","2"
"117","25","7","13","0.572","0","3","2"
"117","26","2","18","0.860","0","3","2"
"117","27","10","10","0.945","0","1","2"
"117","28","2","18","0.506","0","3","2"
"117","29","10","10","0.455","0","1","2"
"117","30","4","16","0.707","0","3","2"
"117","31","7","13","0.424","0","2","2"
"117","32","10","10","0.791","0","1","2"
"117","33","10","10","1.284","0","1","2"
"117","34","2","18","0.477","0","2","2"
"117","35","4","16","0.614","0","2","2"
"117","36","4","16","0.526","0","3","2"
"117","37","10","10","0.611","0","1","2"
"117","38","10","10","0.509","0","1","2"
"117","39","7","13","0.563","0","2","2"
"117","40","7","13","1.078","0","3","2"
"117","1","4","16","0.470","1","3","3"
"117","2","2","18","0.340","2","2","3"
"117","3","2","18","0.343","1","3","3"
"117","4","2","18","0.337","0","3","3"
"117","5","4","16","0.437","1","2","3"
"117","6","7","13","0.364","1","3","3"
"117","7","10","10","0.335","0","1","3"
"117","8","7","13","0.333","0","3","3"
"117","9","4","16","0.363","0","3","3"
"117","10","10","10","0.419","0","1","3"
"117","11","10","10","0.436","0","1","3"
"117","12","4","16","0.372","1","2","3"
"117","13","10","10","0.394","0","1","3"
"117","14","2","18","0.462","1","2","3"
"117","15","7","13","0.393","0","2","3"
"117","16","7","13","0.425","0","3","3"
"117","17","4","16","0.391","1","2","3"
"117","18","2","18","0.400","0","3","3"
"117","19","2","18","0.847","1","2","3"
"117","20","7","13","0.420","0","3","3"
"117","21","10","10","0.392","0","1","3"
"117","22","2","18","0.399","0","3","3"
"117","23","4","16","0.372","0","3","3"
"117","24","2","18","1.361","0","3","3"
"117","25","7","13","0.389","1","2","3"
"117","26","10","10","0.443","0","1","3"
"117","27","10","10","0.384","0","1","3"
"117","28","4","16","0.398","1","2","3"
"117","29","7","13","0.406","1","2","3"
"117","30","7","13","0.389","0","2","3"
"117","31","10","10","0.464","0","1","3"
"117","32","4","16","0.418","0","3","3"
"117","33","10","10","0.531","0","1","3"
"117","34","4","16","0.398","1","2","3"
"117","35","7","13","0.398","1","2","3"
"117","36","2","18","0.463","1","2","3"
"117","37","2","18","0.413","1","2","3"
"117","38","4","16","0.452","0","3","3"
"117","39","7","13","0.406","1","3","3"
"117","40","10","10","0.555","0","1","3"
"117","1","10","10","0.366","0","1","2"
"117","2","2","18","0.397","1","2","2"
"117","3","7","13","0.556","0","2","2"
"117","4","4","16","0.347","0","3","2"
"117","5","2","18","0.399","1","3","2"
"117","6","2","18","0.498","1","2","2"
"117","7","2","18","0.672","0","3","2"
"117","8","4","16","0.357","1","2","2"
"117","9","7","13","0.433","0","3","2"
"117","10","4","16","1.674","0","3","2"
"117","11","7","13","0.838","0","2","2"
"117","12","2","18","0.336","0","3","2"
"117","13","10","10","0.468","0","1","2"
"117","14","7","13","1.046","0","3","2"
"117","15","4","16","0.415","1","2","2"
"117","16","2","18","0.901","1","2","2"
"117","17","2","18","0.426","1","2","2"
"117","18","10","10","0.341","0","1","2"
"117","19","4","16","0.745","0","3","2"
"117","20","4","16","0.734","1","2","2"
"117","21","10","10","0.560","0","1","2"
"117","22","10","10","0.460","0","1","2"
"117","23","2","18","0.592","0","3","2"
"117","24","7","13","0.959","0","2","2"
"117","25","7","13","0.415","0","2","2"
"117","26","10","10","0.428","0","1","2"
"117","27","2","18","1.494","0","3","2"
"117","28","7","13","0.424","0","3","2"
"117","29","4","16","0.810","1","2","2"
"117","30","4","16","0.911","0","3","2"
"117","31","10","10","0.405","0","1","2"
"117","32","10","10","0.417","0","1","2"
"117","33","7","13","2.542","0","3","2"
"117","34","7","13","0.522","0","3","2"
"117","35","10","10","1.004","0","1","2"
"117","36","2","18","1.088","1","2","2"
"117","37","10","10","0.487","0","1","2"
"117","38","4","16","0.541","1","2","2"
"117","39","4","16","0.409","0","3","2"
"117","40","7","13","0.469","1","2","2"
"126","1","4","16","0.706","3","3","3"
"126","2","2","18","0.937","3","2","3"
"126","3","2","18","0.579","2","3","3"
"126","4","2","18","1.605","2","3","3"
"126","5","2","18","0.473","3","2","3"
"126","6","10","10","0.360","0","1","3"
"126","7","7","13","1.052","2","2","3"
"126","8","10","10","0.602","0","1","3"
"126","9","4","16","0.448","3","3","3"
"126","10","7","13","0.750","2","2","3"
"126","11","10","10","0.433","0","1","3"
"126","12","4","16","0.640","3","2","3"
"126","13","7","13","0.759","2","2","3"
"126","14","4","16","0.675","3","2","3"
"126","15","7","13","1.413","2","3","3"
"126","16","7","13","0.373","1","3","3"
"126","17","2","18","0.578","3","2","3"
"126","18","2","18","0.580","3","3","3"
"126","19","2","18","2.195","3","2","3"
"126","20","7","13","0.585","2","3","3"
"126","21","10","10","0.404","0","1","3"
"126","22","4","16","1.155","2","3","3"
"126","23","2","18","0.889","3","3","3"
"126","24","2","18","0.789","3","3","3"
"126","25","7","13","0.713","2","2","3"
"126","26","10","10","0.591","0","1","3"
"126","27","10","10","0.452","0","1","3"
"126","28","4","16","1.450","3","2","3"
"126","29","10","10","0.539","0","1","3"
"126","30","10","10","0.529","0","1","3"
"126","31","7","13","0.460","0","3","3"
"126","32","4","16","0.558","3","3","3"
"126","33","10","10","0.343","0","1","3"
"126","34","4","16","0.786","3","2","3"
"126","35","10","10","0.450","0","1","3"
"126","36","2","18","0.915","3","2","3"
"126","37","4","16","0.458","3","2","3"
"126","38","4","16","0.440","3","3","3"
"126","39","7","13","0.458","1","3","3"
"126","40","7","13","1.279","1","2","3"
"126","1","7","13","0.660","2","2","2"
"126","2","2","18","0.475","3","2","2"
"126","3","10","10","0.387","0","1","2"
"126","4","4","16","0.578","3","3","2"
"126","5","2","18","0.469","3","3","2"
"126","6","4","16","0.480","3","2","2"
"126","7","2","18","0.942","3","3","2"
"126","8","4","16","0.579","3","2","2"
"126","9","10","10","0.408","0","1","2"
"126","10","4","16","0.344","2","3","2"
"126","11","7","13","1.740","2","2","2"
"126","12","2","18","0.719","3","3","2"
"126","13","7","13","0.851","2","2","2"
"126","14","10","10","0.652","0","1","2"
"126","15","2","18","0.429","3","2","2"
"126","16","4","16","0.420","3","2","2"
"126","17","2","18","0.441","3","2","2"
"126","18","10","10","0.372","0","1","2"
"126","19","2","18","0.672","3","3","2"
"126","20","4","16","0.373","3","2","2"
"126","21","10","10","0.511","0","1","2"
"126","22","7","13","0.515","2","2","2"
"126","23","4","16","0.630","3","3","2"
"126","24","7","13","0.509","2","3","2"
"126","25","10","10","0.757","0","1","2"
"126","26","10","10","0.490","0","1","2"
"126","27","2","18","1.276","3","3","2"
"126","28","7","13","0.582","2","3","2"
"126","29","4","16","0.504","3","2","2"
"126","30","4","16","2.181","3","3","2"
"126","31","10","10","0.388","0","1","2"
"126","32","7","13","0.727","2","3","2"
"126","33","7","13","0.628","2","3","2"
"126","34","7","13","0.840","2","2","2"
"126","35","10","10","0.538","0","1","2"
"126","36","2","18","1.134","3","2","2"
"126","37","7","13","0.397","1","3","2"
"126","38","2","18","0.428","3","2","2"
"126","39","4","16","0.608","3","3","2"
"126","40","10","10","0.459","0","1","2"
"126","1","7","13","0.654","2","2","3"
"126","2","4","16","0.434","3","3","3"
"126","3","10","10","0.462","0","1","3"
"126","4","10","10","0.441","0","1","3"
"126","5","2","18","0.471","3","3","3"
"126","6","7","13","1.661","2","2","3"
"126","7","2","18","0.461","3","2","3"
"126","8","7","13","0.410","2","3","3"
"126","9","2","18","0.627","3","3","3"
"126","10","2","18","0.480","3","2","3"
"126","11","4","16","0.425","2","3","3"
"126","12","4","16","0.454","3","2","3"
"126","13","2","18","0.674","3","3","3"
"126","14","4","16","0.733","3","2","3"
"126","15","4","16","0.463","2","3","3"
"126","16","10","10","0.957","0","1","3"
"126","17","7","13","0.997","2","2","3"
"126","18","7","13","0.488","0","3","3"
"126","19","10","10","0.359","0","1","3"
"126","20","2","18","0.954","3","2","3"
"126","21","10","10","0.481","0","1","3"
"126","22","2","18","0.528","3","2","3"
"126","23","7","13","1.405","2","2","3"
"126","24","4","16","0.295","3","2","3"
"126","25","2","18","0.692","3","3","3"
"126","26","10","10","0.580","0","1","3"
"126","27","2","18","0.481","3","3","3"
"126","28","4","16","0.369","2","3","3"
"126","29","7","13","0.458","2","3","3"
"126","30","4","16","0.462","3","3","3"
"126","31","7","13","0.360","0","3","3"
"126","32","10","10","0.478","0","1","3"
"126","33","4","16","0.385","3","2","3"
"126","34","10","10","0.362","0","1","3"
"126","35","2","18","0.571","3","2","3"
"126","36","10","10","0.398","0","1","3"
"126","37","4","16","1.213","3","2","3"
"126","38","10","10","0.559","0","1","3"
"126","39","7","13","1.030","0","2","3"
"126","40","7","13","0.558","2","3","3"
"126","1","7","13","0.429","2","2","2"
"126","2","4","16","0.562","2","3","2"
"126","3","2","18","0.453","3","2","2"
"126","4","10","10","0.303","0","1","2"
"126","5","10","10","0.602","0","1","2"
"126","6","4","16","0.449","3","2","2"
"126","7","2","18","0.305","3","3","2"
"126","8","7","13","0.525","0","3","2"
"126","9","10","10","0.617","0","1","2"
"126","10","2","18","0.472","3","3","2"
"126","11","7","13","1.043","2","2","2"
"126","12","10","10","0.399","0","1","2"
"126","13","10","10","0.695","0","1","2"
"126","14","4","16","0.502","3","3","2"
"126","15","7","13","0.692","2","2","2"
"126","16","4","16","0.588","3","2","2"
"126","17","2","18","0.444","3","3","2"
"126","18","2","18","0.376","3","2","2"
"126","19","4","16","0.483","3","2","2"
"126","20","7","13","0.549","0","3","2"
"126","21","7","13","0.924","2","3","2"
"126","22","2","18","0.492","3","2","2"
"126","23","2","18","1.428","2","3","2"
"126","24","10","10","0.403","0","1","2"
"126","25","10","10","0.573","0","1","2"
"126","26","4","16","0.602","2","3","2"
"126","27","4","16","0.499","3","2","2"
"126","28","10","10","0.401","0","1","2"
"126","29","2","18","0.412","3","3","2"
"126","30","7","13","0.375","0","3","2"
"126","31","4","16","0.795","3","2","2"
"126","32","4","16","0.483","3","3","2"
"126","33","4","16","0.674","3","3","2"
"126","34","7","13","0.460","2","2","2"
"126","35","7","13","1.083","2","3","2"
"126","36","10","10","0.373","0","1","2"
"126","37","2","18","0.464","3","2","2"
"126","38","7","13","0.413","2","2","2"
"126","39","10","10","0.533","0","1","2"
"126","40","2","18","0.395","3","2","2"
"104","1","4","16","0.572","3","3","2"
"104","2","7","13","0.549","0","3","2"
"104","3","10","10","0.611","0","1","2"
"104","4","2","18","0.000","0","2","2"
"104","5","7","13","0.528","0","3","2"
"104","6","10","10","0.833","0","1","2"
"104","7","2","18","0.596","3","3","2"
"104","8","7","13","1.897","1","2","2"
"104","9","2","18","0.523","1","3","2"
"104","10","4","16","0.498","2","3","2"
"104","11","2","18","0.508","1","3","2"
"104","12","7","13","0.419","2","2","2"
"104","13","2","18","0.799","3","2","2"
"104","14","10","10","1.254","0","1","2"
"104","15","4","16","0.578","3","3","2"
"104","16","10","10","0.523","0","1","2"
"104","17","2","18","0.555","3","3","2"
"104","18","4","16","1.227","3","2","2"
"104","19","4","16","0.556","3","2","2"
"104","20","7","13","0.491","0","3","2"
"104","21","2","18","0.502","3","2","2"
"104","22","10","10","0.531","0","1","2"
"104","23","7","13","0.436","0","2","2"
"104","24","2","18","0.000","0","2","2"
"104","25","7","13","0.569","0","3","2"
"104","26","10","10","0.424","0","1","2"
"104","27","10","10","0.576","0","1","2"
"104","28","4","16","0.619","3","2","2"
"104","29","7","13","0.451","2","2","2"
"104","30","10","10","1.052","0","1","2"
"104","31","4","16","0.954","3","2","2"
"104","32","2","18","0.625","3","3","2"
"104","33","2","18","0.640","3","2","2"
"104","34","4","16","1.187","3","3","2"
"104","35","4","16","0.523","3","2","2"
"104","36","4","16","0.485","3","3","2"
"104","37","7","13","1.320","2","3","2"
"104","38","10","10","0.519","0","1","2"
"104","39","7","13","0.972","0","2","2"
"104","40","10","10","0.796","0","1","2"
"104","1","10","10","0.729","0","1","3"
"104","2","7","13","0.507","0","2","3"
"104","3","4","16","0.740","3","3","3"
"104","4","2","18","0.659","0","2","3"
"104","5","2","18","0.661","0","3","3"
"104","6","10","10","0.724","0","1","3"
"104","7","7","13","0.443","0","3","3"
"104","8","4","16","0.787","0","2","3"
"104","9","4","16","0.478","3","2","3"
"104","10","10","10","0.597","0","1","3"
"104","11","2","18","0.542","0","3","3"
"104","12","4","16","0.413","0","3","3"
"104","13","2","18","0.410","0","3","3"
"104","14","7","13","0.701","0","3","3"
"104","15","2","18","1.991","0","2","3"
"104","16","10","10","0.514","0","1","3"
"104","17","7","13","1.736","2","3","3"
"104","18","4","16","0.376","3","2","3"
"104","19","2","18","0.712","0","2","3"
"104","20","2","18","1.242","0","3","3"
"104","21","10","10","0.327","0","1","3"
"104","22","4","16","0.386","3","3","3"
"104","23","10","10","0.474","0","1","3"
"104","24","10","10","0.632","0","1","3"
"104","25","7","13","0.448","0","2","3"
"104","26","4","16","0.677","0","2","3"
"104","27","7","13","0.724","0","2","3"
"104","28","2","18","0.761","0","3","3"
"104","29","7","13","0.782","0","2","3"
"104","30","7","13","0.570","0","2","3"
"104","31","4","16","0.653","0","2","3"
"104","32","10","10","0.739","0","1","3"
"104","33","2","18","0.413","0","2","3"
"104","34","2","18","0.628","0","2","3"
"104","35","7","13","0.615","0","3","3"
"104","36","10","10","0.715","0","1","3"
"104","37","4","16","0.373","0","3","3"
"104","38","4","16","0.434","0","3","3"
"104","39","10","10","0.859","0","1","3"
"104","40","7","13","0.442","0","3","3"
"104","1","2","18","0.856","3","2","2"
"104","2","2","18","0.553","3","2","2"
"104","3","4","16","0.413","3","3","2"
"104","4","7","13","0.811","2","3","2"
"104","5","2","18","0.868","3","3","2"
"104","6","10","10","0.531","0","1","2"
"104","7","2","18","0.663","3","3","2"
"104","8","7","13","0.759","2","3","2"
"104","9","10","10","0.922","0","1","2"
"104","10","7","13","0.556","2","2","2"
"104","11","10","10","0.001","0","1","2"
"104","12","4","16","0.619","3","3","2"
"104","13","7","13","0.501","2","2","2"
"104","14","10","10","0.246","0","1","2"
"104","15","4","16","1.441","2","2","2"
"104","16","4","16","0.441","3","2","2"
"104","17","2","18","1.358","3","3","2"
"104","18","7","13","0.551","2","2","2"
"104","19","10","10","0.484","0","1","2"
"104","20","4","16","0.429","3","3","2"
"104","21","2","18","0.514","3","3","2"
"104","22","7","13","1.265","2","3","2"
"104","23","10","10","0.000","0","1","2"
"104","24","2","18","0.444","3","2","2"
"104","25","7","13","0.624","2","3","2"
"104","26","2","18","0.515","3","2","2"
"104","27","4","16","0.419","3","2","2"
"104","28","2","18","0.414","3","3","2"
"104","29","10","10","0.705","0","1","2"
"104","30","10","10","0.634","0","1","2"
"104","31","7","13","0.574","2","3","2"
"104","32","4","16","0.347","3","2","2"
"104","33","7","13","0.387","2","2","2"
"104","34","7","13","0.030","2","2","2"
"104","35","4","16","1.622","3","3","2"
"104","36","2","18","0.752","3","2","2"
"104","37","10","10","0.438","0","1","2"
"104","38","4","16","1.028","3","3","2"
"104","39","10","10","0.467","0","1","2"
"104","40","4","16","1.402","3","2","2"
"104","1","7","13","0.518","0","2","3"
"104","2","10","10","0.663","0","1","3"
"104","3","10","10","0.356","0","1","3"
"104","4","7","13","0.361","0","2","3"
"104","5","4","16","0.625","0","3","3"
"104","6","2","18","0.358","0","2","3"
"104","7","4","16","0.535","0","2","3"
"104","8","10","10","0.592","0","1","3"
"104","9","7","13","0.617","0","3","3"
"104","10","2","18","0.447","0","3","3"
"104","11","2","18","0.983","0","3","3"
"104","12","4","16","0.401","0","2","3"
"104","13","2","18","0.405","0","2","3"
"104","14","4","16","0.482","0","3","3"
"104","15","4","16","0.719","0","2","3"
"104","16","2","18","1.253","0","2","3"
"104","17","2","18","0.625","0","3","3"
"104","18","10","10","0.672","0","1","3"
"104","19","7","13","0.473","0","3","3"
"104","20","2","18","0.450","0","3","3"
"104","21","4","16","0.430","0","2","3"
"104","22","7","13","0.702","0","3","3"
"104","23","10","10","0.355","0","1","3"
"104","24","4","16","0.551","0","2","3"
"104","25","7","13","0.446","0","3","3"
"104","26","4","16","0.768","0","3","3"
"104","27","10","10","0.420","0","1","3"
"104","28","2","18","0.572","0","3","3"
"104","29","7","13","0.499","0","3","3"
"104","30","4","16","0.486","0","3","3"
"104","31","10","10","0.459","0","1","3"
"104","32","10","10","0.442","0","1","3"
"104","33","10","10","0.519","0","1","3"
"104","34","2","18","0.504","0","2","3"
"104","35","2","18","0.633","0","2","3"
"104","36","4","16","0.505","0","3","3"
"104","37","7","13","0.430","0","2","3"
"104","38","7","13","0.504","0","2","3"
"104","39","7","13","0.694","0","2","3"
"104","40","10","10","0.433","0","1","3"
"107","1","10","10","0.821","0","1","2"
"107","2","4","16","0.658","3","3","2"
"107","3","7","13","0.725","2","2","2"
"107","4","7","13","0.736","2","3","2"
"107","5","2","18","0.582","3","3","2"
"107","6","10","10","0.764","0","1","2"
"107","7","2","18","0.788","3","2","2"
"107","8","10","10","0.640","0","1","2"
"107","9","2","18","0.898","3","3","2"
"107","10","4","16","0.607","3","2","2"
"107","11","4","16","0.912","3","3","2"
"107","12","4","16","0.501","3","2","2"
"107","13","2","18","0.841","3","3","2"
"107","14","2","18","0.852","3","2","2"
"107","15","2","18","0.510","3","3","2"
"107","16","10","10","0.620","0","1","2"
"107","17","7","13","0.684","2","2","2"
"107","18","7","13","1.103","2","2","2"
"107","19","10","10","1.502","0","1","2"
"107","20","4","16","0.000","0","2","2"
"107","21","7","13","0.640","2","3","2"
"107","22","2","18","0.000","0","2","2"
"107","23","7","13","0.748","2","3","2"
"107","24","4","16","0.574","3","2","2"
"107","25","4","16","0.852","3","3","2"
"107","26","10","10","1.043","0","1","2"
"107","27","2","18","1.072","3","3","2"
"107","28","4","16","1.616","3","3","2"
"107","29","10","10","0.954","0","1","2"
"107","30","4","16","1.510","0","3","2"
"107","31","7","13","0.000","0","2","2"
"107","32","10","10","0.687","0","1","2"
"107","33","4","16","0.456","3","2","2"
"107","34","7","13","1.777","2","2","2"
"107","35","2","18","0.658","3","2","2"
"107","36","10","10","0.000","0","1","2"
"107","37","2","18","1.196","3","2","2"
"107","38","7","13","0.918","2","3","2"
"107","39","7","13","0.781","2","3","2"
"107","40","10","10","0.981","0","1","2"
"107","1","10","10","1.214","0","1","3"
"107","2","4","16","0.787","3","3","3"
"107","3","2","18","0.623","3","2","3"
"107","4","7","13","1.296","2","3","3"
"107","5","7","13","0.539","2","2","3"
"107","6","2","18","1.123","3","2","3"
"107","7","2","18","0.538","3","3","3"
"107","8","10","10","0.478","0","1","3"
"107","9","7","13","0.531","2","3","3"
"107","10","2","18","0.698","3","3","3"
"107","11","7","13","0.773","2","3","3"
"107","12","10","10","1.240","2","1","3"
"107","13","10","10","0.504","0","1","3"
"107","14","4","16","1.119","3","3","3"
"107","15","7","13","1.390","2","2","3"
"107","16","4","16","0.718","3","2","3"
"107","17","2","18","1.094","3","3","3"
"107","18","4","16","0.345","3","2","3"
"107","19","2","18","0.549","3","2","3"
"107","20","10","10","0.975","0","1","3"
"107","21","7","13","0.477","2","2","3"
"107","22","2","18","0.989","3","2","3"
"107","23","4","16","1.046","3","3","3"
"107","24","10","10","2.436","0","1","3"
"107","25","7","13","0.670","2","2","3"
"107","26","2","18","2.435","3","3","3"
"107","27","4","16","0.621","3","2","3"
"107","28","10","10","0.562","0","1","3"
"107","29","2","18","0.686","3","3","3"
"107","30","10","10","1.425","0","1","3"
"107","31","4","16","1.006","3","2","3"
"107","32","4","16","0.277","3","3","3"
"107","33","4","16","0.532","3","3","3"
"107","34","7","13","1.733","2","3","3"
"107","35","7","13","1.141","2","3","3"
"107","36","10","10","1.462","0","1","3"
"107","37","2","18","0.530","3","2","3"
"107","38","10","10","0.527","0","1","3"
"107","39","7","13","0.479","2","2","3"
"107","40","4","16","0.541","3","2","3"
"107","1","4","16","0.634","3","3","2"
"107","2","10","10","0.675","0","1","2"
"107","3","7","13","0.809","2","3","2"
"107","4","2","18","1.078","3","2","2"
"107","5","10","10","0.573","1","1","2"
"107","6","7","13","1.230","2","3","2"
"107","7","2","18","0.986","3","3","2"
"107","8","10","10","0.663","0","1","2"
"107","9","2","18","0.625","3","3","2"
"107","10","4","16","0.896","3","3","2"
"107","11","2","18","0.529","3","3","2"
"107","12","7","13","0.512","2","2","2"
"107","13","4","16","0.596","3","2","2"
"107","14","10","10","0.699","0","1","2"
"107","15","2","18","1.176","3","3","2"
"107","16","7","13","0.457","2","3","2"
"107","17","4","16","0.497","3","3","2"
"107","18","4","16","0.641","3","2","2"
"107","19","2","18","1.874","3","2","2"
"107","20","10","10","0.560","0","1","2"
"107","21","4","16","0.515","3","2","2"
"107","22","10","10","0.952","0","1","2"
"107","23","7","13","0.609","2","2","2"
"107","24","2","18","1.043","3","2","2"
"107","25","7","13","1.174","2","3","2"
"107","26","10","10","0.710","0","1","2"
"107","27","10","10","0.757","0","1","2"
"107","28","4","16","1.160","3","2","2"
"107","29","7","13","0.480","2","2","2"
"107","30","7","13","0.617","2","2","2"
"107","31","4","16","0.479","3","2","2"
"107","32","2","18","1.207","3","3","2"
"107","33","2","18","0.493","3","2","2"
"107","34","4","16","0.816","3","3","2"
"107","35","2","18","0.616","3","2","2"
"107","36","4","16","0.946","3","3","2"
"107","37","7","13","0.429","2","3","2"
"107","38","10","10","0.611","0","1","2"
"107","39","10","10","0.593","0","1","2"
"107","40","7","13","0.514","2","2","2"
"107","1","7","13","2.733","3","2","3"
"107","2","10","10","0.001","2","1","3"
"107","3","4","16","0.520","3","3","3"
"107","4","2","18","0.527","3","2","3"
"107","5","2","18","0.576","3","3","3"
"107","6","7","13","0.737","2","3","3"
"107","7","7","13","0.543","2","3","3"
"107","8","2","18","0.655","3","2","3"
"107","9","4","16","0.873","3","2","3"
"107","10","10","10","0.529","3","1","3"
"107","11","2","18","0.826","3","3","3"
"107","12","4","16","0.576","3","3","3"
"107","13","2","18","0.550","3","3","3"
"107","14","10","10","0.912","0","1","3"
"107","15","4","16","0.498","3","2","3"
"107","16","7","13","1.015","2","2","3"
"107","17","10","10","0.820","0","1","3"
"107","18","2","18","0.548","3","2","3"
"107","19","2","18","0.540","3","2","3"
"107","20","4","16","0.718","3","3","3"
"107","21","10","10","0.971","0","1","3"
"107","22","2","18","1.309","3","3","3"
"107","23","7","13","0.374","2","3","3"
"107","24","10","10","0.731","0","1","3"
"107","25","7","13","0.515","2","2","3"
"107","26","4","16","0.529","3","2","3"
"107","27","10","10","0.656","0","1","3"
"107","28","2","18","0.541","3","3","3"
"107","29","7","13","0.426","2","3","3"
"107","30","7","13","0.813","2","2","3"
"107","31","4","16","0.481","3","2","3"
"107","32","10","10","0.358","0","1","3"
"107","33","2","18","0.529","3","2","3"
"107","34","4","16","0.815","3","2","3"
"107","35","7","13","0.498","2","2","3"
"107","36","10","10","0.518","0","1","3"
"107","37","4","16","0.544","3","3","3"
"107","38","4","16","0.389","3","3","3"
"107","39","7","13","0.814","2","3","3"
"107","40","10","10","0.646","0","1","3"
"101","1","2","18","0.662","3","2","3"
"101","2","4","16","1.942","3","2","3"
"101","3","4","16","1.874","2","3","3"
"101","4","10","10","2.128","2","1","3"
"101","5","2","18","0","0","3","3"
"101","6","7","13","0","0","2","3"
"101","7","2","18","1.332","3","3","3"
"101","8","10","10","0.589","0","1","3"
"101","9","7","13","0","0","3","3"
"101","10","7","13","1.29","3","2","3"
"101","11","10","10","0","0","1","3"
"101","12","4","16","0","0","3","3"
"101","13","10","10","0","0","1","3"
"101","14","10","10","0.755","0","1","3"
"101","15","4","16","0.606","3","2","3"
"101","16","2","18","1.598","3","2","3"
"101","17","2","18","0.883","3","3","3"
"101","18","7","13","1.228","3","3","3"
"101","19","7","13","0","0","2","3"
"101","20","2","18","2.762","3","3","3"
"101","21","4","16","0","0","3","3"
"101","22","10","10","0.645","3","1","3"
"101","23","10","10","0","0","1","3"
"101","24","4","16","0","0","2","3"
"101","25","7","13","0","0","3","3"
"101","26","2","18","0.392","3","2","3"
"101","27","4","16","0","0","2","3"
"101","28","2","18","0.851","3","3","3"
"101","29","7","13","0.614","1","2","3"
"101","30","10","10","0","0","1","3"
"101","31","7","13","1.283","3","3","3"
"101","32","4","16","0.576","2","2","3"
"101","33","7","13","0.623","1","3","3"
"101","34","10","10","0.331","0","1","3"
"101","35","4","16","0.882","3","3","3"
"101","36","2","18","0.485","3","2","3"
"101","37","10","10","0.763","0","1","3"
"101","38","4","16","0.465","3","3","3"
"101","39","7","13","0.592","2","2","3"
"101","40","2","18","0","0","2","3"
"101","1","10","10","1.357","0","1","2"
"101","2","7","13","0.557","2","3","2"
"101","3","7","13","0.979","2","3","2"
"101","4","10","10","0.847","1","1","2"
"101","5","4","16","0.968","2","3","2"
"101","6","2","18","1.316","2","2","2"
"101","7","2","18","2.221","2","2","2"
"101","8","7","13","2.566","3","3","2"
"101","9","7","13","0","0","2","2"
"101","10","2","18","0.701","3","3","2"
"101","11","2","18","0.557","3","3","2"
"101","12","4","16","0.558","3","2","2"
"101","13","4","16","0.699","3","2","2"
"101","14","4","16","0.496","3","3","2"
"101","15","2","18","1.237","3","2","2"
"101","16","2","18","0.827","3","2","2"
"101","17","2","18","0.55","3","3","2"
"101","18","10","10","0.639","1","1","2"
"101","19","7","13","0.543","2","3","2"
"101","20","4","16","2.183","2","3","2"
"101","21","4","16","0.612","3","2","2"
"101","22","7","13","0.54","2","2","2"
"101","23","10","10","0.801","0","1","2"
"101","24","4","16","1.117","3","2","2"
"101","25","7","13","0.516","2","2","2"
"101","26","2","18","1.397","2","3","2"
"101","27","10","10","0.594","0","1","2"
"101","28","2","18","0.506","2","3","2"
"101","29","10","10","0.928","0","1","2"
"101","30","4","16","0.523","3","3","2"
"101","31","7","13","0.817","2","2","2"
"101","32","10","10","0.44","3","1","2"
"101","33","10","10","0.548","0","1","2"
"101","34","2","18","0.645","3","2","2"
"101","35","4","16","1.319","3","2","2"
"101","36","4","16","1.047","3","3","2"
"101","37","10","10","0.388","0","1","2"
"101","38","10","10","0.477","1","1","2"
"101","39","7","13","0.356","2","2","2"
"101","40","7","13","0.519","2","3","2"
"101","1","4","16","0.733","2","3","3"
"101","2","2","18","0.883","2","2","3"
"101","3","2","18","0.55","2","3","3"
"101","4","2","18","0.328","3","3","3"
"101","5","4","16","0.556","2","2","3"
"101","6","7","13","0.611","1","2","3"
"101","7","10","10","1.239","0","1","3"
"101","8","7","13","0.493","1","3","3"
"101","9","4","16","0.427","2","3","3"
"101","10","10","10","0.594","0","1","3"
"101","11","10","10","0","0","1","3"
"101","12","4","16","0.412","3","2","3"
"101","13","10","10","0.531","2","1","3"
"101","14","2","18","0","0","2","3"
"101","15","7","13","0.72","2","2","3"
"101","16","7","13","0","0","3","3"
"101","17","4","16","0.502","3","2","3"
"101","18","2","18","0.343","2","3","3"
"101","19","2","18","0","0","2","3"
"101","20","7","13","0.7","1","3","3"
"101","21","10","10","0.504","0","1","3"
"101","22","2","18","0","0","3","3"
"101","23","4","16","0.643","3","3","3"
"101","24","2","18","0.464","3","3","3"
"101","25","7","13","1.348","2","3","3"
"101","26","10","10","0","0","1","3"
"101","27","10","10","0.623","0","1","3"
"101","28","4","16","0.838","2","2","3"
"101","29","7","13","1.469","3","2","3"
"101","30","7","13","0.645","2","2","3"
"101","31","10","10","0.543","0","1","3"
"101","32","4","16","0.449","2","3","3"
"101","33","10","10","0","0","1","3"
"101","34","4","16","0.63","2","2","3"
"101","35","7","13","0","0","2","3"
"101","36","2","18","0.51","3","2","3"
"101","37","2","18","0.558","3","2","3"
"101","38","4","16","0.419","2","3","3"
"101","39","7","13","1.685","2","3","3"
"101","40","10","10","0.451","2","1","3"
"101","1","10","10","0.898","0","1","2"
"101","2","2","18","0.593","3","2","2"
"101","3","7","13","0.625","1","3","2"
"101","4","4","16","1.079","2","3","2"
"101","5","2","18","2.067","2","3","2"
"101","6","2","18","1.189","3","2","2"
"101","7","2","18","0.348","3","3","2"
"101","8","4","16","0.633","2","2","2"
"101","9","7","13","0.438","1","2","2"
"101","10","4","16","0.517","2","3","2"
"101","11","7","13","0.538","1","3","2"
"101","12","2","18","0.356","3","3","2"
"101","13","10","10","0.441","0","1","2"
"101","14","7","13","0.69","1","2","2"
"101","15","4","16","0.483","3","2","2"
"101","16","2","18","0","0","2","2"
"101","17","2","18","0.622","3","2","2"
"101","18","10","10","0.337","0","1","2"
"101","19","4","16","0.574","3","3","2"
"101","20","4","16","0.586","3","2","2"
"101","21","10","10","0.468","0","1","2"
"101","22","10","10","1.105","0","1","2"
"101","23","2","18","0.541","3","3","2"
"101","24","7","13","0.427","2","2","2"
"101","25","7","13","0.459","2","3","2"
"101","26","10","10","0.544","0","1","2"
"101","27","2","18","0.625","3","3","2"
"101","28","7","13","0.5","2","3","2"
"101","29","4","16","0.414","2","2","2"
"101","30","4","16","0.348","3","3","2"
"101","31","10","10","0.689","0","1","2"
"101","32","10","10","0.612","0","1","2"
"101","33","7","13","0.418","1","2","2"
"101","34","7","13","0.59","1","3","2"
"101","35","10","10","1.2","0","1","2"
"101","36","2","18","0.908","2","2","2"
"101","37","10","10","0.419","0","1","2"
"101","38","4","16","0.505","2","2","2"
"101","39","4","16","0.414","2","3","2"
"101","40","7","13","0.609","1","2","2"
"120","1","4","16","0.956","3","3","2"
"120","2","7","13","0.798","2","3","2"
"120","3","10","10","0.595","0","1","2"
"120","4","2","18","1.024","3","2","2"
"120","5","7","13","1.039","1","3","2"
"120","6","10","10","0.512","0","1","2"
"120","7","2","18","1.116","3","3","2"
"120","8","7","13","0.529","2","2","2"
"120","9","2","18","1.283","3","3","2"
"120","10","4","16","0.673","2","3","2"
"120","11","2","18","0.651","3","3","2"
"120","12","7","13","0.594","2","2","2"
"120","13","2","18","0.606","3","2","2"
"120","14","10","10","0.566","0","1","2"
"120","15","4","16","0.690","3","3","2"
"120","16","10","10","0.595","0","1","2"
"120","17","2","18","1.291","3","3","2"
"120","18","4","16","0.531","3","2","2"
"120","19","4","16","0.915","3","2","2"
"120","20","7","13","0.522","2","3","2"
"120","21","2","18","0.685","3","2","2"
"120","22","10","10","0.906","0","1","2"
"120","23","7","13","0.675","2","2","2"
"120","24","2","18","0.685","3","2","2"
"120","25","7","13","0.681","2","3","2"
"120","26","10","10","0.560","0","1","2"
"120","27","10","10","0.607","0","1","2"
"120","28","4","16","0.698","3","2","2"
"120","29","7","13","0.603","2","2","2"
"120","30","10","10","0.579","0","1","2"
"120","31","4","16","0.713","3","2","2"
"120","32","2","18","0.873","3","3","2"
"120","33","2","18","0.719","3","2","2"
"120","34","4","16","0.609","3","3","2"
"120","35","4","16","1.082","3","2","2"
"120","36","4","16","1.100","3","3","2"
"120","37","7","13","1.487","2","2","2"
"120","38","10","10","0.414","0","1","2"
"120","39","7","13","0.691","2","3","2"
"120","40","10","10","0.540","0","1","2"
"120","1","10","10","0.531","0","1","3"
"120","2","7","13","0.780","2","2","3"
"120","3","4","16","1.221","3","3","3"
"120","4","2","18","0.605","3","2","3"
"120","5","2","18","0.437","3","3","3"
"120","6","10","10","0.518","0","1","3"
"120","7","7","13","0.460","1","3","3"
"120","8","4","16","0.684","3","2","3"
"120","9","4","16","0.678","3","2","3"
"120","10","10","10","0.686","0","1","3"
"120","11","2","18","0.639","3","3","3"
"120","12","4","16","1.477","2","3","3"
"120","13","2","18","0.699","3","3","3"
"120","14","7","13","0.494","2","3","3"
"120","15","2","18","0.911","3","2","3"
"120","16","10","10","0.620","0","1","3"
"120","17","7","13","0.593","2","2","3"
"120","18","4","16","0.849","3","2","3"
"120","19","2","18","0.641","3","2","3"
"120","20","2","18","0.947","3","3","3"
"120","21","10","10","0.632","0","1","3"
"120","22","4","16","0.739","3","3","3"
"120","23","10","10","0.395","0","1","3"
"120","24","10","10","0.712","0","1","3"
"120","25","7","13","0.696","2","3","3"
"120","26","4","16","0.573","3","2","3"
"120","27","7","13","1.652","2","3","3"
"120","28","2","18","0.570","3","3","3"
"120","29","7","13","0.518","2","2","3"
"120","30","7","13","0.000","0","3","3"
"120","31","4","16","0.614","3","2","3"
"120","32","10","10","0.492","0","1","3"
"120","33","2","18","1.141","3","2","3"
"120","34","2","18","0.000","0","2","3"
"120","35","7","13","0.536","2","2","3"
"120","36","10","10","0.603","0","1","3"
"120","37","4","16","0.614","3","3","3"
"120","38","4","16","0.674","3","3","3"
"120","39","10","10","0.723","0","1","3"
"120","40","7","13","0.642","2","2","3"
"120","1","2","18","0.561","3","2","2"
"120","2","2","18","0.849","3","2","2"
"120","3","4","16","0.701","3","3","2"
"120","4","7","13","0.475","1","3","2"
"120","5","2","18","0.708","3","3","2"
"120","6","10","10","0.475","0","1","2"
"120","7","2","18","0.999","3","3","2"
"120","8","7","13","0.719","2","2","2"
"120","9","10","10","0.770","0","1","2"
"120","10","7","13","0.572","2","2","2"
"120","11","10","10","0.373","0","1","2"
"120","12","4","16","0.451","3","3","2"
"120","13","7","13","0.693","2","3","2"
"120","14","10","10","0.534","0","1","2"
"120","15","4","16","1.032","3","2","2"
"120","16","4","16","0.665","3","2","2"
"120","17","2","18","1.094","3","3","2"
"120","18","7","13","0.503","2","2","2"
"120","19","10","10","0.820","0","1","2"
"120","20","4","16","1.117","3","3","2"
"120","21","2","18","0.561","3","3","2"
"120","22","7","13","1.009","3","2","2"
"120","23","10","10","0.356","0","1","2"
"120","24","2","18","0.379","3","2","2"
"120","25","7","13","0.384","2","3","2"
"120","26","2","18","0.000","0","2","2"
"120","27","4","16","1.363","3","2","2"
"120","28","2","18","0.501","3","3","2"
"120","29","10","10","1.528","0","1","2"
"120","30","10","10","0.601","0","1","2"
"120","31","7","13","0.973","2","2","2"
"120","32","4","16","0.586","3","2","2"
"120","33","7","13","1.018","2","3","2"
"120","34","7","13","0.517","2","3","2"
"120","35","4","16","0.533","3","3","2"
"120","36","2","18","0.479","3","2","2"
"120","37","10","10","0.461","0","1","2"
"120","38","4","16","0.635","3","3","2"
"120","39","10","10","0.571","0","1","2"
"120","40","4","16","0.425","3","2","2"
"120","1","7","13","0.521","2","2","3"
"120","2","10","10","0.649","0","1","3"
"120","3","10","10","0.407","0","1","3"
"120","4","7","13","0.963","2","3","3"
"120","5","4","16","0.716","3","3","3"
"120","6","2","18","0.535","3","2","3"
"120","7","4","16","0.721","3","2","3"
"120","8","10","10","0.465","0","1","3"
"120","9","7","13","1.147","2","3","3"
"120","10","2","18","0.464","3","3","3"
"120","11","2","18","0.665","3","3","3"
"120","12","4","16","1.490","3","2","3"
"120","13","2","18","0.670","3","2","3"
"120","14","4","16","0.628","3","3","3"
"120","15","4","16","0.505","3","2","3"
"120","16","2","18","0.559","3","2","3"
"120","17","2","18","1.578","3","3","3"
"120","18","10","10","0.402","0","1","3"
"120","19","7","13","0.779","2","3","3"
"120","20","2","18","0.563","3","3","3"
"120","21","4","16","0.567","3","2","3"
"120","22","7","13","0.512","3","2","3"
"120","23","10","10","0.484","0","1","3"
"120","24","4","16","0.512","3","2","3"
"120","25","7","13","0.448","2","2","3"
"120","26","4","16","0.489","3","3","3"
"120","27","10","10","0.446","0","1","3"
"120","28","2","18","0.446","3","3","3"
"120","29","7","13","0.603","2","3","3"
"120","30","4","16","0.535","3","3","3"
"120","31","10","10","0.421","0","1","3"
"120","32","10","10","0.380","0","1","3"
"120","33","10","10","0.424","0","1","3"
"120","34","2","18","0.569","3","2","3"
"120","35","2","18","0.762","3","2","3"
"120","36","4","16","0.554","3","3","3"
"120","37","7","13","0.583","2","2","3"
"120","38","7","13","0.609","2","2","3"
"120","39","7","13","0.888","2","3","3"
"120","40","10","10","0.386","0","1","3"
"105","1","2","18","0.811","3","2","2"
"105","2","2","18","1.236","3","2","2"
"105","3","4","16","1.264","2","3","2"
"105","4","7","13","0.622","2","2","2"
"105","5","2","18","0.863","3","3","2"
"105","6","10","10","0.709","0","1","2"
"105","7","2","18","1.274","2","3","2"
"105","8","7","13","0.810","2","2","2"
"105","9","10","10","0.917","0","1","2"
"105","10","7","13","0.975","2","2","2"
"105","11","10","10","0.792","0","1","2"
"105","12","4","16","1.430","2","3","2"
"105","13","7","13","2.184","1","3","2"
"105","14","10","10","1.496","0","1","2"
"105","15","4","16","0.819","3","2","2"
"105","16","4","16","0.652","3","2","2"
"105","17","2","18","0.960","3","3","2"
"105","18","7","13","1.346","2","3","2"
"105","19","10","10","0.686","0","1","2"
"105","20","4","16","1.064","2","3","2"
"105","21","2","18","1.844","2","3","2"
"105","22","7","13","1.476","3","2","2"
"105","23","10","10","0.920","0","1","2"
"105","24","2","18","0.646","3","2","2"
"105","25","7","13","0.746","2","3","2"
"105","26","2","18","0.702","3","2","2"
"105","27","4","16","0.646","3","2","2"
"105","28","2","18","1.168","3","3","2"
"105","29","10","10","1.307","0","1","2"
"105","30","10","10","0.636","0","1","2"
"105","31","7","13","1.009","2","3","2"
"105","32","4","16","0.526","3","2","2"
"105","33","7","13","0.837","2","2","2"
"105","34","7","13","0.857","1","3","2"
"105","35","4","16","0.921","2","3","2"
"105","36","2","18","0.747","3","2","2"
"105","37","10","10","0.649","0","1","2"
"105","38","4","16","0.671","2","3","2"
"105","39","10","10","0.622","0","1","2"
"105","40","4","16","1.996","3","2","2"
"105","1","7","13","2.297","3","2","3"
"105","2","10","10","0.618","0","1","3"
"105","3","10","10","0.648","0","1","3"
"105","4","7","13","0.684","2","3","3"
"105","5","4","16","0.660","2","3","3"
"105","6","2","18","0.561","3","2","3"
"105","7","4","16","0.538","3","2","3"
"105","8","10","10","0.714","0","1","3"
"105","9","7","13","0.557","2","3","3"
"105","10","2","18","0.633","3","3","3"
"105","11","2","18","1.490","3","3","3"
"105","12","4","16","0.619","3","2","3"
"105","13","2","18","0.600","3","2","3"
"105","14","4","16","1.964","3","3","3"
"105","15","4","16","0.579","3","2","3"
"105","16","2","18","0.624","3","2","3"
"105","17","2","18","0.628","3","3","3"
"105","18","10","10","0.451","0","1","3"
"105","19","7","13","0.907","2","3","3"
"105","20","2","18","0.869","3","3","3"
"105","21","4","16","0.537","3","2","3"
"105","22","7","13","1.025","3","2","3"
"105","23","10","10","0.846","0","1","3"
"105","24","4","16","0.689","3","2","3"
"105","25","7","13","1.729","2","3","3"
"105","26","4","16","0.778","2","3","3"
"105","27","10","10","0.743","0","1","3"
"105","28","2","18","0.664","3","3","3"
"105","29","7","13","0.813","2","2","3"
"105","30","4","16","0.640","2","3","3"
"105","31","10","10","0.798","0","1","3"
"105","32","10","10","1.189","0","1","3"
"105","33","10","10","0.665","0","1","3"
"105","34","2","18","1.066","3","2","3"
"105","35","2","18","0.828","3","2","3"
"105","36","4","16","1.036","3","3","3"
"105","37","7","13","0.720","2","2","3"
"105","38","7","13","1.306","2","3","3"
"105","39","7","13","0.961","2","2","3"
"105","40","10","10","0.860","0","1","3"
"105","1","4","16","0.830","2","3","2"
"105","2","2","18","0.612","3","2","2"
"105","3","2","18","0.687","3","3","2"
"105","4","2","18","0.601","3","3","2"
"105","5","2","18","0.573","3","2","2"
"105","6","10","10","1.060","0","1","2"
"105","7","7","13","0.592","2","3","2"
"105","8","10","10","1.462","0","1","2"
"105","9","4","16","0.852","2","3","2"
"105","10","7","13","0.618","2","2","2"
"105","11","10","10","0.628","0","1","2"
"105","12","4","16","0.597","2","2","2"
"105","13","7","13","1.747","2","3","2"
"105","14","4","16","0.632","3","2","2"
"105","15","7","13","1.657","2","2","2"
"105","16","7","13","1.618","1","3","2"
"105","17","2","18","0.807","3","2","2"
"105","18","2","18","1.224","3","3","2"
"105","19","2","18","1.008","3","2","2"
"105","20","7","13","2.117","1","2","2"
"105","21","10","10","1.033","0","1","2"
"105","22","4","16","0.911","2","3","2"
"105","23","2","18","2.164","2","3","2"
"105","24","2","18","1.817","3","3","2"
"105","25","7","13","1.926","2","3","2"
"105","26","10","10","0.524","0","1","2"
"105","27","10","10","1.233","0","1","2"
"105","28","4","16","0.622","2","2","2"
"105","29","10","10","0.775","0","1","2"
"105","30","10","10","1.190","0","1","2"
"105","31","7","13","0.656","2","2","2"
"105","32","4","16","0.970","2","3","2"
"105","33","10","10","0.820","0","1","2"
"105","34","4","16","0.879","3","2","2"
"105","35","10","10","0.566","0","1","2"
"105","36","2","18","1.223","3","2","2"
"105","37","4","16","1.511","3","2","2"
"105","38","4","16","0.604","2","3","2"
"105","39","7","13","0.535","2","2","2"
"105","40","7","13","0.908","1","3","2"
"105","1","7","13","0.888","1","3","3"
"105","2","2","18","2.262","3","2","3"
"105","3","10","10","1.094","0","1","3"
"105","4","4","16","0.596","2","3","3"
"105","5","2","18","0.616","3","3","3"
"105","6","4","16","0.691","3","2","3"
"105","7","2","18","0.762","3","3","3"
"105","8","4","16","0.695","2","2","3"
"105","9","10","10","0.867","0","1","3"
"105","10","4","16","0.851","2","3","3"
"105","11","7","13","1.424","1","2","3"
"105","12","2","18","0.842","3","3","3"
"105","13","7","13","0.639","1","2","3"
"105","14","10","10","0.960","0","1","3"
"105","15","2","18","0.873","3","2","3"
"105","16","4","16","0.807","2","2","3"
"105","17","2","18","0.628","3","2","3"
"105","18","10","10","0.615","0","1","3"
"105","19","2","18","0.756","3","3","3"
"105","20","4","16","0.640","2","2","3"
"105","21","10","10","0.738","0","1","3"
"105","22","7","13","0.679","1","3","3"
"105","23","4","16","1.858","2","3","3"
"105","24","7","13","0.705","1","3","3"
"105","25","10","10","0.633","0","1","3"
"105","26","10","10","0.398","0","1","3"
"105","27","2","18","0.623","3","3","3"
"105","28","7","13","0.634","1","3","3"
"105","29","4","16","0.396","2","2","3"
"105","30","4","16","0.897","2","3","3"
"105","31","10","10","0.728","0","1","3"
"105","32","7","13","0.707","1","2","3"
"105","33","7","13","0.608","1","3","3"
"105","34","7","13","1.661","1","2","3"
"105","35","10","10","0.646","0","1","3"
"105","36","2","18","0.915","3","2","3"
"105","37","7","13","0.666","1","2","3"
"105","38","2","18","1.288","3","2","3"
"105","39","4","16","0.764","2","3","3"
"105","40","10","10","1.103","0","1","3"
"110","1","4","16","1.083","2","3","3"
"110","2","2","18","0.746","3","2","3"
"110","3","2","18","0.509","2","3","3"
"110","4","2","18","0.431","3","3","3"
"110","5","2","18","0.811","3","2","3"
"110","6","10","10","0.449","0","1","3"
"110","7","7","13","0.478","1","3","3"
"110","8","10","10","0.484","0","1","3"
"110","9","4","16","0.537","2","3","3"
"110","10","7","13","0.472","3","2","3"
"110","11","10","10","0.578","0","1","3"
"110","12","4","16","0.490","3","2","3"
"110","13","7","13","0.401","3","2","3"
"110","14","4","16","0.557","3","2","3"
"110","15","7","13","0.439","2","3","3"
"110","16","7","13","0.527","3","2","3"
"110","17","2","18","0.628","3","2","3"
"110","18","2","18","0.405","3","3","3"
"110","19","2","18","0.597","3","2","3"
"110","20","7","13","0.427","2","3","3"
"110","21","10","10","0.478","0","1","3"
"110","22","4","16","0.621","3","3","3"
"110","23","2","18","0.522","3","3","3"
"110","24","2","18","1.703","3","3","3"
"110","25","7","13","1.915","2","3","3"
"110","26","10","10","0.537","0","1","3"
"110","27","10","10","0.742","0","1","3"
"110","28","4","16","0.484","3","2","3"
"110","29","10","10","0.508","0","1","3"
"110","30","10","10","0.683","0","1","3"
"110","31","7","13","0.549","3","2","3"
"110","32","4","16","0.671","2","3","3"
"110","33","10","10","0.873","0","1","3"
"110","34","4","16","0.540","3","2","3"
"110","35","10","10","0.692","0","1","3"
"110","36","2","18","0.540","3","2","3"
"110","37","4","16","0.708","3","2","3"
"110","38","4","16","1.034","3","3","3"
"110","39","7","13","0.740","2","3","3"
"110","40","7","13","0.625","3","2","3"
"110","1","7","13","0.568","2","3","2"
"110","2","2","18","0.582","3","2","2"
"110","3","10","10","0.759","0","1","2"
"110","4","4","16","0.717","2","3","2"
"110","5","2","18","0.497","2","3","2"
"110","6","4","16","0.411","3","2","2"
"110","7","2","18","0.746","2","3","2"
"110","8","4","16","0.494","3","2","2"
"110","9","10","10","0.499","0","1","2"
"110","10","4","16","0.563","3","3","2"
"110","11","7","13","1.560","3","2","2"
"110","12","2","18","1.106","2","3","2"
"110","13","7","13","1.151","3","2","2"
"110","14","10","10","0.400","0","1","2"
"110","15","2","18","0.505","3","2","2"
"110","16","4","16","0.471","3","2","2"
"110","17","2","18","0.540","3","2","2"
"110","18","10","10","0.863","0","1","2"
"110","19","2","18","0.747","2","3","2"
"110","20","4","16","2.152","3","2","2"
"110","21","10","10","0.794","0","1","2"
"110","22","7","13","0.607","2","3","2"
"110","23","4","16","1.970","3","3","2"
"110","24","7","13","0.633","3","2","2"
"110","25","10","10","0.993","0","1","2"
"110","26","10","10","0.422","0","1","2"
"110","27","2","18","0.975","3","3","2"
"110","28","7","13","0.610","2","3","2"
"110","29","4","16","1.340","3","2","2"
"110","30","4","16","0.810","3","3","2"
"110","31","10","10","0.727","0","1","2"
"110","32","7","13","0.690","2","3","2"
"110","33","7","13","1.664","2","3","2"
"110","34","7","13","0.580","3","2","2"
"110","35","10","10","0.734","0","1","2"
"110","36","2","18","0.378","3","2","2"
"110","37","7","13","0.609","3","2","2"
"110","38","2","18","0.000","0","2","2"
"110","39","4","16","0.444","3","3","2"
"110","40","10","10","0.775","0","1","2"
"110","1","7","13","0.473","3","2","3"
"110","2","4","16","0.485","3","3","3"
"110","3","10","10","0.376","0","1","3"
"110","4","10","10","0.340","0","1","3"
"110","5","2","18","1.129","2","3","3"
"110","6","7","13","0.592","2","3","3"
"110","7","2","18","0.528","3","2","3"
"110","8","7","13","0.940","2","3","3"
"110","9","2","18","0.534","3","3","3"
"110","10","2","18","0.762","3","2","3"
"110","11","4","16","0.484","3","3","3"
"110","12","4","16","0.936","3","2","3"
"110","13","2","18","1.461","3","3","3"
"110","14","4","16","0.495","3","2","3"
"110","15","4","16","0.562","3","3","3"
"110","16","10","10","0.552","0","1","3"
"110","17","7","13","1.896","3","2","3"
"110","18","7","13","1.323","3","2","3"
"110","19","10","10","0.274","0","1","3"
"110","20","2","18","0.493","3","2","3"
"110","21","10","10","0.892","0","1","3"
"110","22","2","18","0.987","3","2","3"
"110","23","7","13","0.624","2","3","3"
"110","24","4","16","1.562","3","2","3"
"110","25","2","18","1.368","3","3","3"
"110","26","10","10","0.575","0","1","3"
"110","27","2","18","0.468","2","3","3"
"110","28","4","16","0.588","1","3","3"
"110","29","7","13","0.525","3","2","3"
"110","30","4","16","0.754","2","3","3"
"110","31","7","13","0.827","2","3","3"
"110","32","10","10","0.706","0","1","3"
"110","33","4","16","1.284","3","2","3"
"110","34","10","10","0.565","0","1","3"
"110","35","2","18","0.837","3","2","3"
"110","36","10","10","1.337","3","1","3"
"110","37","4","16","0.592","3","2","3"
"110","38","10","10","0.754","0","1","3"
"110","39","7","13","0.489","2","3","3"
"110","40","7","13","0.753","2","2","3"
"110","1","7","13","0.422","2","3","2"
"110","2","4","16","0.411","3","3","2"
"110","3","2","18","0.510","3","2","2"
"110","4","10","10","0.352","0","1","2"
"110","5","10","10","0.635","0","1","2"
"110","6","4","16","0.450","3","2","2"
"110","7","2","18","0.426","2","3","2"
"110","8","7","13","0.446","3","2","2"
"110","9","10","10","0.563","0","1","2"
"110","10","2","18","0.497","3","3","2"
"110","11","7","13","0.612","2","3","2"
"110","12","10","10","0.400","0","1","2"
"110","13","10","10","0.463","0","1","2"
"110","14","4","16","1.223","2","3","2"
"110","15","7","13","0.630","3","2","2"
"110","16","4","16","1.101","3","2","2"
"110","17","2","18","1.325","3","3","2"
"110","18","2","18","0.546","3","2","2"
"110","19","4","16","1.652","3","2","2"
"110","20","7","13","0.454","3","3","2"
"110","21","7","13","0.445","3","2","2"
"110","22","2","18","0.461","3","2","2"
"110","23","2","18","0.430","3","3","2"
"110","24","10","10","0.356","0","1","2"
"110","25","10","10","0.821","0","1","2"
"110","26","4","16","0.386","3","3","2"
"110","27","4","16","0.756","3","2","2"
"110","28","10","10","0.586","0","1","2"
"110","29","2","18","0.765","3","3","2"
"110","30","7","13","0.696","3","3","2"
"110","31","4","16","0.709","3","2","2"
"110","32","4","16","0.740","2","3","2"
"110","33","4","16","1.747","2","3","2"
"110","34","7","13","0.437","3","2","2"
"110","35","7","13","0.469","3","2","2"
"110","36","10","10","0.750","0","1","2"
"110","37","2","18","1.658","3","2","2"
"110","38","7","13","0.382","2","3","2"
"110","39","10","10","0.414","0","1","2"
"110","40","2","18","0.901","3","2","2"
